[{"pk": 1, "model": "contenttypes.contenttype", "fields": {"model": "logentry", "name": "log entry", "app_label": "admin"}}, {"pk": 2, "model": "contenttypes.contenttype", "fields": {"model": "permission", "name": "permission", "app_label": "auth"}}, {"pk": 3, "model": "contenttypes.contenttype", "fields": {"model": "group", "name": "group", "app_label": "auth"}}, {"pk": 4, "model": "contenttypes.contenttype", "fields": {"model": "user", "name": "user", "app_label": "auth"}}, {"pk": 5, "model": "contenttypes.contenttype", "fields": {"model": "contenttype", "name": "content type", "app_label": "contenttypes"}}, {"pk": 6, "model": "contenttypes.contenttype", "fields": {"model": "session", "name": "session", "app_label": "sessions"}}, {"pk": 7, "model": "contenttypes.contenttype", "fields": {"model": "migrationhistory", "name": "migration history", "app_label": "south"}}, {"pk": 8, "model": "contenttypes.contenttype", "fields": {"model": "eenheid", "name": "eenheid", "app_label": "producten"}}, {"pk": 9, "model": "contenttypes.contenttype", "fields": {"model": "leverancier", "name": "leverancier", "app_label": "producten"}}, {"pk": 10, "model": "contenttypes.contenttype", "fields": {"model": "simpelproduct", "name": "simpel product", "app_label": "producten"}}, {"pk": 11, "model": "contenttypes.contenttype", "fields": {"model": "samengesteldproductlijn", "name": "samengesteld product lijn", "app_label": "producten"}}, {"pk": 12, "model": "contenttypes.contenttype", "fields": {"model": "samengesteldproduct", "name": "samengesteld product", "app_label": "producten"}}, {"pk": "u8dtn7ozcs2qa3ag7dz0av9a0vjipym4", "model": "sessions.session", "fields": {"expire_date": "2014-01-13T20:54:18.771Z", "session_data": "NzRhY2YxZDI2ZjZmYzE2OTMwYTllMGUwZWI0ZWZlYjkwZmQyZjRlYjp7Il9hdXRoX3VzZXJfYmFja2VuZCI6ImRqYW5nby5jb250cmliLmF1dGguYmFja2VuZHMuTW9kZWxCYWNrZW5kIiwiX2F1dGhfdXNlcl9pZCI6MX0="}}, {"pk": 94, "model": "producten.eenheid", "fields": {"naam": "stuk", "afkorting": "stuk"}}, {"pk": 95, "model": "producten.eenheid", "fields": {"naam": "ton", "afkorting": "ton"}}, {"pk": 96, "model": "producten.eenheid", "fields": {"naam": "keer", "afkorting": "keer"}}, {"pk": 97, "model": "producten.eenheid", "fields": {"naam": "m", "afkorting": "m"}}, {"pk": 98, "model": "producten.eenheid", "fields": {"naam": "m\u00b2", "afkorting": "m\u00b2"}}, {"pk": 99, "model": "producten.eenheid", "fields": {"naam": "l", "afkorting": "l"}}, {"pk": 100, "model": "producten.eenheid", "fields": {"naam": "kg", "afkorting": "kg"}}, {"pk": 101, "model": "producten.eenheid", "fields": {"naam": "m\u00b3", "afkorting": "m\u00b3"}}, {"pk": 102, "model": "producten.eenheid", "fields": {"naam": "andere", "afkorting": "andere"}}, {"pk": 103, "model": "producten.eenheid", "fields": {"naam": "rol", "afkorting": "rol"}}, {"pk": 104, "model": "producten.eenheid", "fields": {"naam": "bus", "afkorting": "bus"}}, {"pk": 105, "model": "producten.eenheid", "fields": {"naam": "wagen", "afkorting": "wagen"}}, {"pk": 106, "model": "producten.eenheid", "fields": {"naam": "pak", "afkorting": "pak"}}, {"pk": 107, "model": "producten.eenheid", "fields": {"naam": "zak", "afkorting": "zak"}}, {"pk": 108, "model": "producten.eenheid", "fields": {"naam": "lm", "afkorting": "lm"}}, {"pk": 109, "model": "producten.eenheid", "fields": {"naam": "dag", "afkorting": "dag"}}, {"pk": 110, "model": "producten.eenheid", "fields": {"naam": "forfait", "afkorting": "forfait"}}, {"pk": 111, "model": "producten.eenheid", "fields": {"naam": "uur", "afkorting": "uur"}}, {"pk": 112, "model": "producten.eenheid", "fields": {"naam": "50 stuk", "afkorting": "50 stuk"}}, {"pk": 299, "model": "producten.leverancier", "fields": {"contactpersoon": "", "naam": "Verhelst", "telefoon": "", "email": "", "adres": ""}}, {"pk": 300, "model": "producten.leverancier", "fields": {"contactpersoon": "", "naam": "Coppens", "telefoon": "", "email": "", "adres": ""}}, {"pk": 301, "model": "producten.leverancier", "fields": {"contactpersoon": "", "naam": "Cat-rent Deinze", "telefoon": "", "email": "", "adres": ""}}, {"pk": 302, "model": "producten.leverancier", "fields": {"contactpersoon": "", "naam": "De Sutter - Goethals nv", "telefoon": "", "email": "", "adres": ""}}, {"pk": 303, "model": "producten.leverancier", "fields": {"contactpersoon": "", "naam": "Van Gansewinkel", "telefoon": "", "email": "", "adres": ""}}, {"pk": 304, "model": "producten.leverancier", "fields": {"contactpersoon": "", "naam": "Vermeersch", "telefoon": "", "email": "", "adres": ""}}, {"pk": 305, "model": "producten.leverancier", "fields": {"contactpersoon": "", "naam": "Aclagro", "telefoon": "", "email": "", "adres": ""}}, {"pk": 306, "model": "producten.leverancier", "fields": {"contactpersoon": "", "naam": "Lippens", "telefoon": "", "email": "", "adres": ""}}, {"pk": 307, "model": "producten.leverancier", "fields": {"contactpersoon": "", "naam": "Callens", "telefoon": "", "email": "", "adres": ""}}, {"pk": 308, "model": "producten.leverancier", "fields": {"contactpersoon": "", "naam": "Sluyza", "telefoon": "", "email": "", "adres": ""}}, {"pk": 309, "model": "producten.leverancier", "fields": {"contactpersoon": "", "naam": "Schauwvlieghe", "telefoon": "", "email": "", "adres": ""}}, {"pk": 310, "model": "producten.leverancier", "fields": {"contactpersoon": "", "naam": "Van Hoorebeke", "telefoon": "", "email": "", "adres": ""}}, {"pk": 311, "model": "producten.leverancier", "fields": {"contactpersoon": "", "naam": "Dedapper", "telefoon": "", "email": "", "adres": ""}}, {"pk": 312, "model": "producten.leverancier", "fields": {"contactpersoon": "", "naam": "Desindo", "telefoon": "", "email": "", "adres": ""}}, {"pk": 313, "model": "producten.leverancier", "fields": {"contactpersoon": "", "naam": "Bilterijst", "telefoon": "", "email": "", "adres": ""}}, {"pk": 314, "model": "producten.leverancier", "fields": {"contactpersoon": "", "naam": "Verlee", "telefoon": "", "email": "", "adres": ""}}, {"pk": 315, "model": "producten.leverancier", "fields": {"contactpersoon": "", "naam": "Balegro", "telefoon": "", "email": "", "adres": ""}}, {"pk": 316, "model": "producten.leverancier", "fields": {"contactpersoon": "", "naam": "Ready Beton", "telefoon": "", "email": "", "adres": ""}}, {"pk": 317, "model": "producten.leverancier", "fields": {"contactpersoon": "", "naam": "Multi-Mix", "telefoon": "", "email": "", "adres": ""}}, {"pk": 318, "model": "producten.leverancier", "fields": {"contactpersoon": "", "naam": "Deville-Claeys", "telefoon": "", "email": "", "adres": ""}}, {"pk": 319, "model": "producten.leverancier", "fields": {"contactpersoon": "", "naam": "Deschacht", "telefoon": "", "email": "", "adres": ""}}, {"pk": 320, "model": "producten.leverancier", "fields": {"contactpersoon": "", "naam": "De Witte", "telefoon": "", "email": "", "adres": ""}}, {"pk": 321, "model": "producten.leverancier", "fields": {"contactpersoon": "", "naam": "Agro Technics", "telefoon": "", "email": "", "adres": ""}}, {"pk": 322, "model": "producten.leverancier", "fields": {"contactpersoon": "", "naam": "Soiltech", "telefoon": "", "email": "", "adres": ""}}, {"pk": 323, "model": "producten.leverancier", "fields": {"contactpersoon": "", "naam": "Van Wiemeersch Marc", "telefoon": "", "email": "", "adres": ""}}, {"pk": 324, "model": "producten.leverancier", "fields": {"contactpersoon": "", "naam": "Reynvoet", "telefoon": "", "email": "", "adres": ""}}, {"pk": 325, "model": "producten.leverancier", "fields": {"contactpersoon": "", "naam": "De Snerck", "telefoon": "", "email": "", "adres": ""}}, {"pk": 326, "model": "producten.leverancier", "fields": {"contactpersoon": "", "naam": "De Croock", "telefoon": "", "email": "", "adres": ""}}, {"pk": 327, "model": "producten.leverancier", "fields": {"contactpersoon": "", "naam": "Gedimat Smets", "telefoon": "", "email": "", "adres": ""}}, {"pk": 328, "model": "producten.leverancier", "fields": {"contactpersoon": "", "naam": "Soil-Tech Solutions", "telefoon": "", "email": "", "adres": ""}}, {"pk": 329, "model": "producten.leverancier", "fields": {"contactpersoon": "", "naam": "Baecke", "telefoon": "", "email": "", "adres": ""}}, {"pk": 330, "model": "producten.leverancier", "fields": {"contactpersoon": "", "naam": "Christiaens J.", "telefoon": "", "email": "", "adres": ""}}, {"pk": 331, "model": "producten.leverancier", "fields": {"contactpersoon": "", "naam": "Verko", "telefoon": "", "email": "", "adres": ""}}, {"pk": 332, "model": "producten.leverancier", "fields": {"contactpersoon": "", "naam": "Acterra", "telefoon": "", "email": "", "adres": ""}}, {"pk": 333, "model": "producten.leverancier", "fields": {"contactpersoon": "", "naam": "BSC", "telefoon": "", "email": "", "adres": ""}}, {"pk": 334, "model": "producten.leverancier", "fields": {"contactpersoon": "", "naam": "Vande Moortel", "telefoon": "", "email": "", "adres": ""}}, {"pk": 335, "model": "producten.leverancier", "fields": {"contactpersoon": "", "naam": "Ottevaere", "telefoon": "", "email": "", "adres": ""}}, {"pk": 336, "model": "producten.leverancier", "fields": {"contactpersoon": "", "naam": "Vanhulle", "telefoon": "", "email": "", "adres": ""}}, {"pk": 337, "model": "producten.leverancier", "fields": {"contactpersoon": "", "naam": "Hydor", "telefoon": "", "email": "", "adres": ""}}, {"pk": 338, "model": "producten.leverancier", "fields": {"contactpersoon": "", "naam": "Burssens", "telefoon": "", "email": "", "adres": ""}}, {"pk": 339, "model": "producten.leverancier", "fields": {"contactpersoon": "", "naam": "Rajapack", "telefoon": "", "email": "", "adres": ""}}, {"pk": 340, "model": "producten.leverancier", "fields": {"contactpersoon": "", "naam": "Van Waes NL", "telefoon": "", "email": "", "adres": ""}}, {"pk": 341, "model": "producten.leverancier", "fields": {"contactpersoon": "", "naam": "De Baets-Nevejans", "telefoon": "", "email": "", "adres": ""}}, {"pk": 342, "model": "producten.leverancier", "fields": {"contactpersoon": "", "naam": "De Backer", "telefoon": "", "email": "", "adres": ""}}, {"pk": 343, "model": "producten.leverancier", "fields": {"contactpersoon": "", "naam": "Politie Gent", "telefoon": "", "email": "", "adres": ""}}, {"pk": 344, "model": "producten.leverancier", "fields": {"contactpersoon": "", "naam": "Boels", "telefoon": "", "email": "", "adres": ""}}, {"pk": 345, "model": "producten.leverancier", "fields": {"contactpersoon": "", "naam": "Master Rental", "telefoon": "", "email": "", "adres": ""}}, {"pk": 346, "model": "producten.leverancier", "fields": {"contactpersoon": "", "naam": "Vanbomat", "telefoon": "", "email": "", "adres": ""}}, {"pk": 347, "model": "producten.leverancier", "fields": {"contactpersoon": "", "naam": "Riba Rent", "telefoon": "", "email": "", "adres": ""}}, {"pk": 348, "model": "producten.leverancier", "fields": {"contactpersoon": "", "naam": "Huurland", "telefoon": "", "email": "", "adres": ""}}, {"pk": 349, "model": "producten.leverancier", "fields": {"contactpersoon": "", "naam": "de Clercq A.", "telefoon": "", "email": "", "adres": ""}}, {"pk": 350, "model": "producten.leverancier", "fields": {"contactpersoon": "", "naam": "Beltrami", "telefoon": "", "email": "", "adres": ""}}, {"pk": 351, "model": "producten.leverancier", "fields": {"contactpersoon": "", "naam": "De Smet", "telefoon": "", "email": "", "adres": ""}}, {"pk": 352, "model": "producten.leverancier", "fields": {"contactpersoon": "", "naam": "D Snerck", "telefoon": "", "email": "", "adres": ""}}, {"pk": 353, "model": "producten.leverancier", "fields": {"contactpersoon": "", "naam": "N.A.M. Grass", "telefoon": "", "email": "", "adres": ""}}, {"pk": 354, "model": "producten.leverancier", "fields": {"contactpersoon": "", "naam": "De Groote Gedimat", "telefoon": "", "email": "", "adres": ""}}, {"pk": 355, "model": "producten.leverancier", "fields": {"contactpersoon": "", "naam": "I.R.S.", "telefoon": "", "email": "", "adres": ""}}, {"pk": 356, "model": "producten.leverancier", "fields": {"contactpersoon": "", "naam": "Lagaet", "telefoon": "", "email": "", "adres": ""}}, {"pk": 357, "model": "producten.leverancier", "fields": {"contactpersoon": "", "naam": "Peltracom", "telefoon": "", "email": "", "adres": ""}}, {"pk": 358, "model": "producten.leverancier", "fields": {"contactpersoon": "", "naam": "Declerck Luc", "telefoon": "", "email": "", "adres": ""}}, {"pk": 359, "model": "producten.leverancier", "fields": {"contactpersoon": "", "naam": "Hanssens", "telefoon": "", "email": "", "adres": ""}}, {"pk": 360, "model": "producten.leverancier", "fields": {"contactpersoon": "", "naam": "Kris Nijs", "telefoon": "", "email": "", "adres": ""}}, {"pk": 361, "model": "producten.leverancier", "fields": {"contactpersoon": "", "naam": "Haesaert Willy", "telefoon": "", "email": "", "adres": ""}}, {"pk": 362, "model": "producten.leverancier", "fields": {"contactpersoon": "", "naam": "Joskin", "telefoon": "", "email": "", "adres": ""}}, {"pk": 363, "model": "producten.leverancier", "fields": {"contactpersoon": "", "naam": "Van Marcke", "telefoon": "", "email": "", "adres": ""}}, {"pk": 364, "model": "producten.leverancier", "fields": {"contactpersoon": "", "naam": "Prindal Hout", "telefoon": "", "email": "", "adres": ""}}, {"pk": 1406, "model": "producten.simpelproduct", "fields": {"nakijken": false, "prijs": "67.46", "minimum_hoeveelheid": "0.00", "naam": "aco euroline discreet L1m Br11,8cm H17,5cm", "leverancier": 299, "eenheid": 94, "beschrijving": "", "laatste_aanpassing": "2010-12-20"}}, {"pk": 1407, "model": "producten.simpelproduct", "fields": {"nakijken": false, "prijs": "102.87", "minimum_hoeveelheid": "0.00", "naam": "aco euroline discreet met toegangsluik afmn, idem", "leverancier": 299, "eenheid": 94, "beschrijving": "", "laatste_aanpassing": "2010-12-20"}}, {"pk": 1408, "model": "producten.simpelproduct", "fields": {"nakijken": false, "prijs": "5.31", "minimum_hoeveelheid": "0.00", "naam": "aco euroline eindplaat", "leverancier": 299, "eenheid": 94, "beschrijving": "", "laatste_aanpassing": "2011-11-02"}}, {"pk": 1409, "model": "producten.simpelproduct", "fields": {"nakijken": false, "prijs": "14.76", "minimum_hoeveelheid": "0.00", "naam": "aco euroline eindplaat met  uitloop D110mm", "leverancier": 299, "eenheid": 94, "beschrijving": "", "laatste_aanpassing": "2010-12-20"}}, {"pk": 1410, "model": "producten.simpelproduct", "fields": {"nakijken": false, "prijs": "16.65", "minimum_hoeveelheid": "0.00", "naam": "aco euroline met verzinkt rooster 1m/11,8cm/9,7cm", "leverancier": 299, "eenheid": 94, "beschrijving": "", "laatste_aanpassing": "2011-11-02"}}, {"pk": 1411, "model": "producten.simpelproduct", "fields": {"nakijken": false, "prijs": "88.37", "minimum_hoeveelheid": "0.00", "naam": "activo 15kg speel- en sportgazon", "leverancier": 300, "eenheid": 94, "beschrijving": "", "laatste_aanpassing": "2011-12-07"}}, {"pk": 1412, "model": "producten.simpelproduct", "fields": {"nakijken": false, "prijs": "30.34", "minimum_hoeveelheid": "0.00", "naam": "activo 6kg speel- en sportgazon", "leverancier": 300, "eenheid": 94, "beschrijving": "", "laatste_aanpassing": "2011-08-19"}}, {"pk": 1413, "model": "producten.simpelproduct", "fields": {"nakijken": false, "prijs": "20.00", "minimum_hoeveelheid": "0.00", "naam": "afhalen gehuurde minigraver", "leverancier": 301, "eenheid": 94, "beschrijving": "", "laatste_aanpassing": "2011-11-09"}}, {"pk": 1414, "model": "producten.simpelproduct", "fields": {"nakijken": false, "prijs": "3.00", "minimum_hoeveelheid": "0.00", "naam": "afhalen teelaarde", "leverancier": 302, "eenheid": 95, "beschrijving": "", "laatste_aanpassing": "2010-11-18"}}, {"pk": 1415, "model": "producten.simpelproduct", "fields": {"nakijken": false, "prijs": "8.85", "minimum_hoeveelheid": "0.00", "naam": "afsluitkap-deksel D250", "leverancier": 299, "eenheid": 94, "beschrijving": "", "laatste_aanpassing": "2011-11-02"}}, {"pk": 1416, "model": "producten.simpelproduct", "fields": {"nakijken": false, "prijs": "160.00", "minimum_hoeveelheid": "1.00", "naam": "afval brandbaar", "leverancier": 303, "eenheid": 95, "beschrijving": "", "laatste_aanpassing": "2009-06-01"}}, {"pk": 1417, "model": "producten.simpelproduct", "fields": {"nakijken": false, "prijs": "3.75", "minimum_hoeveelheid": "0.00", "naam": "afvoer afval zuiver mengpuin <70cm", "leverancier": 302, "eenheid": 96, "beschrijving": "", "laatste_aanpassing": "2013-11-30"}}, {"pk": 1418, "model": "producten.simpelproduct", "fields": {"nakijken": false, "prijs": "7.75", "minimum_hoeveelheid": "0.00", "naam": "afvoer afval onzuiver mengpuin <70cm", "leverancier": 302, "eenheid": 96, "beschrijving": "", "laatste_aanpassing": "2013-11-30"}}, {"pk": 1419, "model": "producten.simpelproduct", "fields": {"nakijken": false, "prijs": "85.00", "minimum_hoeveelheid": "0.00", "naam": "afvoer huur container", "leverancier": 304, "eenheid": 94, "beschrijving": "", "laatste_aanpassing": "2012-02-22"}}, {"pk": 1420, "model": "producten.simpelproduct", "fields": {"nakijken": false, "prijs": "50.00", "minimum_hoeveelheid": "0.00", "naam": "afvoer tuinafval", "leverancier": 304, "eenheid": 95, "beschrijving": "", "laatste_aanpassing": "2012-02-22"}}, {"pk": 1421, "model": "producten.simpelproduct", "fields": {"nakijken": false, "prijs": "18.50", "minimum_hoeveelheid": "0.00", "naam": "afvoeren grond kwaliteit onbekend", "leverancier": 305, "eenheid": 95, "beschrijving": "", "laatste_aanpassing": "2010-12-20"}}, {"pk": 1422, "model": "producten.simpelproduct", "fields": {"nakijken": false, "prijs": "11.32", "minimum_hoeveelheid": "0.00", "naam": "afvoergeulen lm,", "leverancier": 306, "eenheid": 97, "beschrijving": "", "laatste_aanpassing": "2010-12-09"}}, {"pk": 1423, "model": "producten.simpelproduct", "fields": {"nakijken": false, "prijs": "100.61", "minimum_hoeveelheid": "0.00", "naam": "alu deksel carodek buitenmaat 300x300", "leverancier": 299, "eenheid": 94, "beschrijving": "", "laatste_aanpassing": "2011-02-03"}}, {"pk": 1424, "model": "producten.simpelproduct", "fields": {"nakijken": false, "prijs": "142.75", "minimum_hoeveelheid": "0.00", "naam": "ant-onkruiddoek 300cm x 100m", "leverancier": 307, "eenheid": 94, "beschrijving": "", "laatste_aanpassing": "2011-03-21"}}, {"pk": 1425, "model": "producten.simpelproduct", "fields": {"nakijken": false, "prijs": "0.51", "minimum_hoeveelheid": "1.00", "naam": "Anti-worteldoek 130gr/m\u00b2", "leverancier": 308, "eenheid": 98, "beschrijving": "", "laatste_aanpassing": "2010-09-09"}}, {"pk": 1426, "model": "producten.simpelproduct", "fields": {"nakijken": false, "prijs": "1.50", "minimum_hoeveelheid": "0.00", "naam": "antivries L,", "leverancier": 306, "eenheid": 99, "beschrijving": "", "laatste_aanpassing": "2010-12-09"}}, {"pk": 1427, "model": "producten.simpelproduct", "fields": {"nakijken": false, "prijs": "27.00", "minimum_hoeveelheid": "0.00", "naam": "arduinrots 300-1000kg per 25 ton geleverd", "leverancier": 309, "eenheid": 95, "beschrijving": "", "laatste_aanpassing": "2011-06-15"}}, {"pk": 1428, "model": "producten.simpelproduct", "fields": {"nakijken": false, "prijs": "7.66", "minimum_hoeveelheid": "0.00", "naam": "argexkorrel ", "leverancier": 310, "eenheid": 100, "beschrijving": "", "laatste_aanpassing": "1980-01-01"}}, {"pk": 1429, "model": "producten.simpelproduct", "fields": {"nakijken": false, "prijs": "68.80", "minimum_hoeveelheid": "25.00", "naam": "aspen 25L", "leverancier": 311, "eenheid": 99, "beschrijving": "", "laatste_aanpassing": "2009-05-01"}}, {"pk": 1430, "model": "producten.simpelproduct", "fields": {"nakijken": false, "prijs": "77.13", "minimum_hoeveelheid": "1.00", "naam": "aspen 25L", "leverancier": 307, "eenheid": 94, "beschrijving": "", "laatste_aanpassing": "2009-09-01"}}, {"pk": 1431, "model": "producten.simpelproduct", "fields": {"nakijken": false, "prijs": "1.81", "minimum_hoeveelheid": "50.00", "naam": "autex universeel rol 50m\u00b2", "leverancier": 299, "eenheid": 98, "beschrijving": "", "laatste_aanpassing": "2013-11-15"}}, {"pk": 1432, "model": "producten.simpelproduct", "fields": {"nakijken": false, "prijs": "53.36", "minimum_hoeveelheid": "0.00", "naam": "auto waterverdeler ", "leverancier": 300, "eenheid": 94, "beschrijving": "", "laatste_aanpassing": "2011-08-19"}}, {"pk": 1433, "model": "producten.simpelproduct", "fields": {"nakijken": false, "prijs": "23.88", "minimum_hoeveelheid": "1.00", "naam": "AZ matten 80cm 400cm", "leverancier": 312, "eenheid": 94, "beschrijving": "", "laatste_aanpassing": "2008-06-01"}}, {"pk": 1434, "model": "producten.simpelproduct", "fields": {"nakijken": false, "prijs": "0.84", "minimum_hoeveelheid": "1.00", "naam": "azobe gepunte paal fijn bezaagd 1m 4/4", "leverancier": 312, "eenheid": 94, "beschrijving": "", "laatste_aanpassing": "2009-09-01"}}, {"pk": 1435, "model": "producten.simpelproduct", "fields": {"nakijken": false, "prijs": "2.89", "minimum_hoeveelheid": "1.00", "naam": "azobe gepunte paal fijn bezaagd 2m 5/5", "leverancier": 312, "eenheid": 94, "beschrijving": "", "laatste_aanpassing": "2009-09-01"}}, {"pk": 1436, "model": "producten.simpelproduct", "fields": {"nakijken": false, "prijs": "2.01", "minimum_hoeveelheid": "1.00", "naam": "azobe gepunte palen 1,5m L", "leverancier": 313, "eenheid": 94, "beschrijving": "", "laatste_aanpassing": "2008-06-01"}}, {"pk": 1437, "model": "producten.simpelproduct", "fields": {"nakijken": false, "prijs": "2.70", "minimum_hoeveelheid": "1.00", "naam": "azobe gepunte palen 2m L", "leverancier": 313, "eenheid": 94, "beschrijving": "", "laatste_aanpassing": "2008-06-01"}}, {"pk": 1438, "model": "producten.simpelproduct", "fields": {"nakijken": false, "prijs": "71.38", "minimum_hoeveelheid": "0.00", "naam": "azobe hekpaal 14,5x14,5x250 cm", "leverancier": 312, "eenheid": 94, "beschrijving": "", "laatste_aanpassing": "2011-03-10"}}, {"pk": 1439, "model": "producten.simpelproduct", "fields": {"nakijken": false, "prijs": "1.11", "minimum_hoeveelheid": "0.00", "naam": "azobe lamel lat 10x100 mm", "leverancier": 312, "eenheid": 94, "beschrijving": "", "laatste_aanpassing": "2011-02-03"}}, {"pk": 1440, "model": "producten.simpelproduct", "fields": {"nakijken": false, "prijs": "2.89", "minimum_hoeveelheid": "0.00", "naam": "azobe mat H 30 cm", "leverancier": 312, "eenheid": 94, "beschrijving": "", "laatste_aanpassing": "2011-10-19"}}, {"pk": 1441, "model": "producten.simpelproduct", "fields": {"nakijken": false, "prijs": "5.19", "minimum_hoeveelheid": "0.00", "naam": "azobe mat H 60cm", "leverancier": 312, "eenheid": 94, "beschrijving": "", "laatste_aanpassing": "2011-02-03"}}, {"pk": 1442, "model": "producten.simpelproduct", "fields": {"nakijken": false, "prijs": "7.73", "minimum_hoeveelheid": "0.00", "naam": "azobe mat H 80cm", "leverancier": 312, "eenheid": 94, "beschrijving": "", "laatste_aanpassing": "2011-10-19"}}, {"pk": 1443, "model": "producten.simpelproduct", "fields": {"nakijken": false, "prijs": "26.76", "minimum_hoeveelheid": "0.00", "naam": "azobe mat H180cm / 400cm", "leverancier": 312, "eenheid": 94, "beschrijving": "", "laatste_aanpassing": "2010-11-04"}}, {"pk": 1444, "model": "producten.simpelproduct", "fields": {"nakijken": false, "prijs": "16.72", "minimum_hoeveelheid": "1.00", "naam": "azobe mat H50cm \u2013 4m", "leverancier": 312, "eenheid": 94, "beschrijving": "", "laatste_aanpassing": "2009-09-01"}}, {"pk": 1445, "model": "producten.simpelproduct", "fields": {"nakijken": false, "prijs": "0.95", "minimum_hoeveelheid": "1.00", "naam": "azobe palen 80 x 4 x 4", "leverancier": 307, "eenheid": 94, "beschrijving": "", "laatste_aanpassing": "2009-06-01"}}, {"pk": 1446, "model": "producten.simpelproduct", "fields": {"nakijken": false, "prijs": "8.00", "minimum_hoeveelheid": "1.00", "naam": "azobe vlechtmatten 100cm br", "leverancier": 313, "eenheid": 98, "beschrijving": "", "laatste_aanpassing": "2008-06-01"}}, {"pk": 1447, "model": "producten.simpelproduct", "fields": {"nakijken": false, "prijs": "8.00", "minimum_hoeveelheid": "1.00", "naam": "azobe vlechtmatten 30 cm br", "leverancier": 313, "eenheid": 98, "beschrijving": "", "laatste_aanpassing": "2008-06-01"}}, {"pk": 1448, "model": "producten.simpelproduct", "fields": {"nakijken": false, "prijs": "8.25", "minimum_hoeveelheid": "1.00", "naam": "azobe vlechtmatten met folie 80cm br", "leverancier": 313, "eenheid": 98, "beschrijving": "", "laatste_aanpassing": "1900-02-10"}}, {"pk": 1449, "model": "producten.simpelproduct", "fields": {"nakijken": false, "prijs": "85.40", "minimum_hoeveelheid": "1.00", "naam": "balegemse onbew, klein", "leverancier": 314, "eenheid": 95, "beschrijving": "", "laatste_aanpassing": "2008-06-01"}}, {"pk": 1450, "model": "producten.simpelproduct", "fields": {"nakijken": false, "prijs": "95.00", "minimum_hoeveelheid": "0.00", "naam": "balegemse steen onbewerkt klein", "leverancier": 315, "eenheid": 95, "beschrijving": "", "laatste_aanpassing": "2011-09-23"}}, {"pk": 1451, "model": "producten.simpelproduct", "fields": {"nakijken": false, "prijs": "320.00", "minimum_hoeveelheid": "0.00", "naam": "balegemse steen speciale vorm", "leverancier": 315, "eenheid": 95, "beschrijving": "", "laatste_aanpassing": "2011-08-26"}}, {"pk": 1452, "model": "producten.simpelproduct", "fields": {"nakijken": false, "prijs": "0.26", "minimum_hoeveelheid": "0.00", "naam": "bamboo  2,10m  18/20mm", "leverancier": 308, "eenheid": 94, "beschrijving": "", "laatste_aanpassing": "2011-10-26"}}, {"pk": 1453, "model": "producten.simpelproduct", "fields": {"nakijken": false, "prijs": "0.54", "minimum_hoeveelheid": "0.00", "naam": "bamboo - 3,60M 22/24 mm", "leverancier": 308, "eenheid": 94, "beschrijving": "", "laatste_aanpassing": "2012-01-04"}}, {"pk": 1454, "model": "producten.simpelproduct", "fields": {"nakijken": false, "prijs": "1.03", "minimum_hoeveelheid": "1.00", "naam": "bamboo 3,6m 28/30 mm", "leverancier": 308, "eenheid": 94, "beschrijving": "", "laatste_aanpassing": "2008-12-01"}}, {"pk": 1455, "model": "producten.simpelproduct", "fields": {"nakijken": false, "prijs": "63.50", "minimum_hoeveelheid": "0.00", "naam": "beton 200kg cement", "leverancier": 316, "eenheid": 101, "beschrijving": "", "laatste_aanpassing": "2011-09-23"}}, {"pk": 1456, "model": "producten.simpelproduct", "fields": {"nakijken": false, "prijs": "60.50", "minimum_hoeveelheid": "1.00", "naam": "Beton 350 CEM III/A 32,5 LA", "leverancier": 317, "eenheid": 101, "beschrijving": "", "laatste_aanpassing": "2009-10-01"}}, {"pk": 1457, "model": "producten.simpelproduct", "fields": {"nakijken": false, "prijs": "1.03", "minimum_hoeveelheid": "0.00", "naam": "beton ijzer tor staal BE 50 D8", "leverancier": 299, "eenheid": 100, "beschrijving": "", "laatste_aanpassing": "2010-12-09"}}, {"pk": 1458, "model": "producten.simpelproduct", "fields": {"nakijken": false, "prijs": "50.00", "minimum_hoeveelheid": "0.00", "naam": "beton mager 250C  32,5", "leverancier": 317, "eenheid": 101, "beschrijving": "", "laatste_aanpassing": "2012-02-18"}}, {"pk": 1459, "model": "producten.simpelproduct", "fields": {"nakijken": false, "prijs": "1.10", "minimum_hoeveelheid": "0.00", "naam": "beton overlostijd per minuut", "leverancier": 317, "eenheid": 102, "beschrijving": "", "laatste_aanpassing": "2011-11-09"}}, {"pk": 1460, "model": "producten.simpelproduct", "fields": {"nakijken": false, "prijs": "15.00", "minimum_hoeveelheid": "0.00", "naam": "beton verschil m\u00b3 tot 7 m\u00b3", "leverancier": 317, "eenheid": 101, "beschrijving": "", "laatste_aanpassing": "2011-03-10"}}, {"pk": 1461, "model": "producten.simpelproduct", "fields": {"nakijken": false, "prijs": "67.00", "minimum_hoeveelheid": "0.00", "naam": "beton+versneller min, 7 m\u00b3", "leverancier": 317, "eenheid": 101, "beschrijving": "", "laatste_aanpassing": "2011-03-10"}}, {"pk": 1462, "model": "producten.simpelproduct", "fields": {"nakijken": false, "prijs": "0.51", "minimum_hoeveelheid": "1.00", "naam": "Betonblok 29 x 9 x 19", "leverancier": 299, "eenheid": 94, "beschrijving": "", "laatste_aanpassing": "2009-06-01"}}, {"pk": 1463, "model": "producten.simpelproduct", "fields": {"nakijken": false, "prijs": "0.60", "minimum_hoeveelheid": "0.00", "naam": "betonblok 29/14/19 vol dou beton", "leverancier": 299, "eenheid": 94, "beschrijving": "", "laatste_aanpassing": "2011-10-15"}}, {"pk": 1464, "model": "producten.simpelproduct", "fields": {"nakijken": false, "prijs": "0.46", "minimum_hoeveelheid": "0.00", "naam": "betonblok 29x09x14 ", "leverancier": 299, "eenheid": 94, "beschrijving": "", "laatste_aanpassing": "2011-01-20"}}, {"pk": 1465, "model": "producten.simpelproduct", "fields": {"nakijken": false, "prijs": "1.03", "minimum_hoeveelheid": "0.00", "naam": "betonijzer tor staal ", "leverancier": 299, "eenheid": 100, "beschrijving": "", "laatste_aanpassing": "2011-11-02"}}, {"pk": 1466, "model": "producten.simpelproduct", "fields": {"nakijken": false, "prijs": "9.20", "minimum_hoeveelheid": "0.00", "naam": "betonpl, 2500x1250x12 mm", "leverancier": 318, "eenheid": 94, "beschrijving": "", "laatste_aanpassing": "2011-08-19"}}, {"pk": 1467, "model": "producten.simpelproduct", "fields": {"nakijken": false, "prijs": "12.50", "minimum_hoeveelheid": "0.00", "naam": "Betonpuin 0/32", "leverancier": 317, "eenheid": 95, "beschrijving": "", "laatste_aanpassing": "2012-01-25"}}, {"pk": 1468, "model": "producten.simpelproduct", "fields": {"nakijken": false, "prijs": "0.80", "minimum_hoeveelheid": "1.00", "naam": "Betonstenen 30/20/15", "leverancier": 306, "eenheid": 94, "beschrijving": "", "laatste_aanpassing": "2009-09-01"}}, {"pk": 1469, "model": "producten.simpelproduct", "fields": {"nakijken": false, "prijs": "10.10", "minimum_hoeveelheid": "0.00", "naam": "Biplex 1,2 x 2,5M", "leverancier": 319, "eenheid": 94, "beschrijving": "", "laatste_aanpassing": "2012-04-20"}}, {"pk": 1470, "model": "producten.simpelproduct", "fields": {"nakijken": false, "prijs": "2.15", "minimum_hoeveelheid": "1.00", "naam": "biplex plaat", "leverancier": 320, "eenheid": 98, "beschrijving": "", "laatste_aanpassing": "2008-06-01"}}, {"pk": 1471, "model": "producten.simpelproduct", "fields": {"nakijken": false, "prijs": "22.95", "minimum_hoeveelheid": "25.00", "naam": "blauwe korrel", "leverancier": 307, "eenheid": 100, "beschrijving": "", "laatste_aanpassing": "2009-06-01"}}, {"pk": 1472, "model": "producten.simpelproduct", "fields": {"nakijken": false, "prijs": "23.72", "minimum_hoeveelheid": "0.00", "naam": "bloedmeel 13%v, meststof 20kg", "leverancier": 307, "eenheid": 94, "beschrijving": "", "laatste_aanpassing": "2011-06-10"}}, {"pk": 1473, "model": "producten.simpelproduct", "fields": {"nakijken": false, "prijs": "2.37", "minimum_hoeveelheid": "0.00", "naam": "bocht 45 D110 1XMOF grijs SN4", "leverancier": 299, "eenheid": 94, "beschrijving": "", "laatste_aanpassing": "2010-12-09"}}, {"pk": 1474, "model": "producten.simpelproduct", "fields": {"nakijken": false, "prijs": "57.07", "minimum_hoeveelheid": "0.00", "naam": "bodemanalyse + O,S,", "leverancier": 321, "eenheid": 94, "beschrijving": "", "laatste_aanpassing": "2011-04-28"}}, {"pk": 1475, "model": "producten.simpelproduct", "fields": {"nakijken": false, "prijs": "137.50", "minimum_hoeveelheid": "0.00", "naam": "bodemanalyse Vic 18,377", "leverancier": 322, "eenheid": 94, "beschrijving": "", "laatste_aanpassing": "2013-11-19"}}, {"pk": 1476, "model": "producten.simpelproduct", "fields": {"nakijken": false, "prijs": "0.00", "minimum_hoeveelheid": "0.00", "naam": "bodemverbetering ", "leverancier": 321, "eenheid": 98, "beschrijving": "", "laatste_aanpassing": "1980-01-01"}}, {"pk": 1477, "model": "producten.simpelproduct", "fields": {"nakijken": false, "prijs": "32.85", "minimum_hoeveelheid": "0.00", "naam": "boomschors belg nld 15/40", "leverancier": 321, "eenheid": 101, "beschrijving": "", "laatste_aanpassing": "2011-04-28"}}, {"pk": 1478, "model": "producten.simpelproduct", "fields": {"nakijken": false, "prijs": "30.00", "minimum_hoeveelheid": "1.00", "naam": "boomschors epicea 10/40", "leverancier": 320, "eenheid": 101, "beschrijving": "", "laatste_aanpassing": "2011-05-13"}}, {"pk": 1479, "model": "producten.simpelproduct", "fields": {"nakijken": false, "prijs": "2.10", "minimum_hoeveelheid": "1.00", "naam": "boordsteen grijs 100/20/6", "leverancier": 299, "eenheid": 94, "beschrijving": "", "laatste_aanpassing": "2009-10-01"}}, {"pk": 1480, "model": "producten.simpelproduct", "fields": {"nakijken": false, "prijs": "8.53", "minimum_hoeveelheid": "4.50", "naam": "booster-plus diager", "leverancier": 323, "eenheid": 94, "beschrijving": "", "laatste_aanpassing": "2010-12-09"}}, {"pk": 1481, "model": "producten.simpelproduct", "fields": {"nakijken": false, "prijs": "2.00", "minimum_hoeveelheid": "0.00", "naam": "borduren 1m x 0,20m", "leverancier": 324, "eenheid": 94, "beschrijving": "", "laatste_aanpassing": "2010-10-27"}}, {"pk": 1482, "model": "producten.simpelproduct", "fields": {"nakijken": false, "prijs": "31.80", "minimum_hoeveelheid": "0.00", "naam": "bosgrond mix ", "leverancier": 321, "eenheid": 101, "beschrijving": "", "laatste_aanpassing": "2012-05-08"}}, {"pk": 1483, "model": "producten.simpelproduct", "fields": {"nakijken": false, "prijs": "20.24", "minimum_hoeveelheid": "1.00", "naam": "caboflex kabelbeschermbuis 50mm/25m", "leverancier": 299, "eenheid": 94, "beschrijving": "", "laatste_aanpassing": "2010-12-20"}}, {"pk": 1484, "model": "producten.simpelproduct", "fields": {"nakijken": false, "prijs": "29.95", "minimum_hoeveelheid": "0.00", "naam": "caboflex kabelbeschermbuis 75mm 25m/rol", "leverancier": 299, "eenheid": 103, "beschrijving": "", "laatste_aanpassing": "2010-12-23"}}, {"pk": 1485, "model": "producten.simpelproduct", "fields": {"nakijken": false, "prijs": "5.27", "minimum_hoeveelheid": "0.00", "naam": "Callens player sportgazon 15 kg", "leverancier": 307, "eenheid": 100, "beschrijving": "", "laatste_aanpassing": "2011-09-23"}}, {"pk": 1486, "model": "producten.simpelproduct", "fields": {"nakijken": false, "prijs": "143.00", "minimum_hoeveelheid": "0.00", "naam": "CBR CEM II ", "leverancier": 299, "eenheid": 95, "beschrijving": "", "laatste_aanpassing": "2010-12-23"}}, {"pk": 1487, "model": "producten.simpelproduct", "fields": {"nakijken": false, "prijs": "0.16", "minimum_hoeveelheid": "1.00", "naam": "Cement 25 kg", "leverancier": 306, "eenheid": 100, "beschrijving": "", "laatste_aanpassing": "2013-11-30"}}, {"pk": 1488, "model": "producten.simpelproduct", "fields": {"nakijken": false, "prijs": "143.00", "minimum_hoeveelheid": "0.00", "naam": "cement II/B-M 32,5", "leverancier": 299, "eenheid": 95, "beschrijving": "", "laatste_aanpassing": "2011-02-15"}}, {"pk": 1489, "model": "producten.simpelproduct", "fields": {"nakijken": false, "prijs": "135.00", "minimum_hoeveelheid": "0.00", "naam": "cement II/B-M 32,5", "leverancier": 325, "eenheid": 95, "beschrijving": "", "laatste_aanpassing": "2013-11-15"}}, {"pk": 1490, "model": "producten.simpelproduct", "fields": {"nakijken": false, "prijs": "3.90", "minimum_hoeveelheid": "0.00", "naam": "champost", "leverancier": 326, "eenheid": 101, "beschrijving": "", "laatste_aanpassing": "2011-01-31"}}, {"pk": 1491, "model": "producten.simpelproduct", "fields": {"nakijken": false, "prijs": "41.20", "minimum_hoeveelheid": "0.00", "naam": "chape 150kg grof zand 0/4", "leverancier": 327, "eenheid": 101, "beschrijving": "", "laatste_aanpassing": "2011-08-19"}}, {"pk": 1492, "model": "producten.simpelproduct", "fields": {"nakijken": false, "prijs": "22.65", "minimum_hoeveelheid": "0.00", "naam": "chaperijnzand 0/7", "leverancier": 299, "eenheid": 95, "beschrijving": "", "laatste_aanpassing": "2011-01-20"}}, {"pk": 1493, "model": "producten.simpelproduct", "fields": {"nakijken": false, "prijs": "3.55", "minimum_hoeveelheid": "1.00", "naam": "chappenetjes", "leverancier": 306, "eenheid": 94, "beschrijving": "", "laatste_aanpassing": "2012-04-30"}}, {"pk": 1494, "model": "producten.simpelproduct", "fields": {"nakijken": false, "prijs": "19.64", "minimum_hoeveelheid": "1.00", "naam": "compaktuna 5L,", "leverancier": 306, "eenheid": 94, "beschrijving": "", "laatste_aanpassing": "2012-04-30"}}, {"pk": 1495, "model": "producten.simpelproduct", "fields": {"nakijken": false, "prijs": "24.45", "minimum_hoeveelheid": "0.00", "naam": "compaktuna 5L,", "leverancier": 299, "eenheid": 104, "beschrijving": "", "laatste_aanpassing": "2013-11-15"}}, {"pk": 1496, "model": "producten.simpelproduct", "fields": {"nakijken": false, "prijs": "150.00", "minimum_hoeveelheid": "1.00", "naam": "compost", "leverancier": 326, "eenheid": 105, "beschrijving": "", "laatste_aanpassing": "2008-10-01"}}, {"pk": 1497, "model": "producten.simpelproduct", "fields": {"nakijken": false, "prijs": "4.00", "minimum_hoeveelheid": "1.00", "naam": "compost afgehaald", "leverancier": 303, "eenheid": 101, "beschrijving": "", "laatste_aanpassing": "2008-10-01"}}, {"pk": 1498, "model": "producten.simpelproduct", "fields": {"nakijken": false, "prijs": "104.23", "minimum_hoeveelheid": "0.00", "naam": "Compostthee Traditioneel F+200", "leverancier": 328, "eenheid": 106, "beschrijving": "", "laatste_aanpassing": "2011-07-18"}}, {"pk": 1499, "model": "producten.simpelproduct", "fields": {"nakijken": false, "prijs": "13.18", "minimum_hoeveelheid": "0.00", "naam": "cultivator 10cm", "leverancier": 310, "eenheid": 94, "beschrijving": "", "laatste_aanpassing": "2012-03-06"}}, {"pk": 1500, "model": "producten.simpelproduct", "fields": {"nakijken": false, "prijs": "6.63", "minimum_hoeveelheid": "0.00", "naam": "DCM cacaodoppen 50L", "leverancier": 307, "eenheid": 107, "beschrijving": "", "laatste_aanpassing": "2011-10-26"}}, {"pk": 1501, "model": "producten.simpelproduct", "fields": {"nakijken": false, "prijs": "6.23", "minimum_hoeveelheid": "0.00", "naam": "DCM cacaodoppen 50L per palet (42 stuks)", "leverancier": 307, "eenheid": 94, "beschrijving": "", "laatste_aanpassing": "2011-06-17"}}, {"pk": 1502, "model": "producten.simpelproduct", "fields": {"nakijken": false, "prijs": "20.46", "minimum_hoeveelheid": "0.00", "naam": "DCM organische meststof buxus", "leverancier": 310, "eenheid": 94, "beschrijving": "", "laatste_aanpassing": "2011-07-13"}}, {"pk": 1503, "model": "producten.simpelproduct", "fields": {"nakijken": false, "prijs": "20.13", "minimum_hoeveelheid": "0.00", "naam": "DCM organische meststof siertuin", "leverancier": 310, "eenheid": 94, "beschrijving": "", "laatste_aanpassing": "2011-07-13"}}, {"pk": 1504, "model": "producten.simpelproduct", "fields": {"nakijken": false, "prijs": "10.96", "minimum_hoeveelheid": "0.00", "naam": "DCM turf 250L", "leverancier": 307, "eenheid": 94, "beschrijving": "", "laatste_aanpassing": "2013-11-28"}}, {"pk": 1505, "model": "producten.simpelproduct", "fields": {"nakijken": false, "prijs": "0.87", "minimum_hoeveelheid": "0.00", "naam": "DCM Vivifos 25 kg", "leverancier": 321, "eenheid": 100, "beschrijving": "", "laatste_aanpassing": "2011-04-28"}}, {"pk": 1506, "model": "producten.simpelproduct", "fields": {"nakijken": false, "prijs": "0.75", "minimum_hoeveelheid": "0.00", "naam": "DCM Vivisol KO 25kg", "leverancier": 321, "eenheid": 100, "beschrijving": "", "laatste_aanpassing": "2011-04-28"}}, {"pk": 1507, "model": "producten.simpelproduct", "fields": {"nakijken": false, "prijs": "116.00", "minimum_hoeveelheid": "0.00", "naam": "DCM waterkristallen 15 kg", "leverancier": 329, "eenheid": 94, "beschrijving": "", "laatste_aanpassing": "2011-07-16"}}, {"pk": 1508, "model": "producten.simpelproduct", "fields": {"nakijken": false, "prijs": "131.13", "minimum_hoeveelheid": "0.00", "naam": "deksel klinkerbak aluminium 80x80  H12", "leverancier": 330, "eenheid": 94, "beschrijving": "", "laatste_aanpassing": "2011-03-17"}}, {"pk": 1509, "model": "producten.simpelproduct", "fields": {"nakijken": false, "prijs": "92.80", "minimum_hoeveelheid": "0.00", "naam": "diamantschijf master drive", "leverancier": 306, "eenheid": 94, "beschrijving": "", "laatste_aanpassing": "2010-12-09"}}, {"pk": 1510, "model": "producten.simpelproduct", "fields": {"nakijken": false, "prijs": "26.10", "minimum_hoeveelheid": "1.00", "naam": "dibro vijzen", "leverancier": 312, "eenheid": 94, "beschrijving": "", "laatste_aanpassing": "2011-01-25"}}, {"pk": 1511, "model": "producten.simpelproduct", "fields": {"nakijken": false, "prijs": "24.39", "minimum_hoeveelheid": "0.00", "naam": "dolomiet 0/15", "leverancier": 309, "eenheid": 95, "beschrijving": "", "laatste_aanpassing": "2010-11-04"}}, {"pk": 1512, "model": "producten.simpelproduct", "fields": {"nakijken": false, "prijs": "34.00", "minimum_hoeveelheid": "1.00", "naam": "Dolomiet 0/15", "leverancier": 317, "eenheid": 95, "beschrijving": "", "laatste_aanpassing": "2012-01-25"}}, {"pk": 1513, "model": "producten.simpelproduct", "fields": {"nakijken": false, "prijs": "36.00", "minimum_hoeveelheid": "1.00", "naam": "dolomiet 0/5", "leverancier": 317, "eenheid": 95, "beschrijving": "", "laatste_aanpassing": "2012-01-25"}}, {"pk": 1514, "model": "producten.simpelproduct", "fields": {"nakijken": false, "prijs": "43.38", "minimum_hoeveelheid": "0.00", "naam": "dolomiet 5/15", "leverancier": 327, "eenheid": 95, "beschrijving": "", "laatste_aanpassing": "2011-06-10"}}, {"pk": 1515, "model": "producten.simpelproduct", "fields": {"nakijken": false, "prijs": "44.00", "minimum_hoeveelheid": "1.00", "naam": "Dolomiet 5/15", "leverancier": 317, "eenheid": 95, "beschrijving": "", "laatste_aanpassing": "2012-01-25"}}, {"pk": 1516, "model": "producten.simpelproduct", "fields": {"nakijken": false, "prijs": "0.65", "minimum_hoeveelheid": "0.00", "naam": "draadstang din 976  (50)", "leverancier": 330, "eenheid": 94, "beschrijving": "", "laatste_aanpassing": "2011-01-06"}}, {"pk": 1517, "model": "producten.simpelproduct", "fields": {"nakijken": false, "prijs": "1.78", "minimum_hoeveelheid": "0.00", "naam": "Drainagebuis \u00b080   50M", "leverancier": 299, "eenheid": 97, "beschrijving": "", "laatste_aanpassing": "2011-02-03"}}, {"pk": 1518, "model": "producten.simpelproduct", "fields": {"nakijken": false, "prijs": "2.05", "minimum_hoeveelheid": "0.00", "naam": "drainagebuis polyprop 100", "leverancier": 325, "eenheid": 108, "beschrijving": "", "laatste_aanpassing": "2012-05-15"}}, {"pk": 1519, "model": "producten.simpelproduct", "fields": {"nakijken": false, "prijs": "2.42", "minimum_hoeveelheid": "0.00", "naam": "drainagebuis polyprop 100", "leverancier": 299, "eenheid": 108, "beschrijving": "", "laatste_aanpassing": "2012-05-15"}}, {"pk": 1520, "model": "producten.simpelproduct", "fields": {"nakijken": false, "prijs": "26.00", "minimum_hoeveelheid": "1.00", "naam": "dubbel gemalen schors", "leverancier": 331, "eenheid": 95, "beschrijving": "", "laatste_aanpassing": "2008-06-01"}}, {"pk": 1521, "model": "producten.simpelproduct", "fields": {"nakijken": false, "prijs": "47.92", "minimum_hoeveelheid": "0.00", "naam": "Ecolat 19cm x 7mm x 25m", "leverancier": 307, "eenheid": 94, "beschrijving": "", "laatste_aanpassing": "2011-08-26"}}, {"pk": 1522, "model": "producten.simpelproduct", "fields": {"nakijken": false, "prijs": "1.12", "minimum_hoeveelheid": "0.00", "naam": "ecopic H-profiel 4 x 4 x 42cm", "leverancier": 307, "eenheid": 94, "beschrijving": "", "laatste_aanpassing": "2011-08-26"}}, {"pk": 1523, "model": "producten.simpelproduct", "fields": {"nakijken": false, "prijs": "20.00", "minimum_hoeveelheid": "1.00", "naam": "eikenschors", "leverancier": 332, "eenheid": 101, "beschrijving": "", "laatste_aanpassing": "2009-09-01"}}, {"pk": 1524, "model": "producten.simpelproduct", "fields": {"nakijken": false, "prijs": "3.10", "minimum_hoeveelheid": "0.00", "naam": "ellebogen 110 / 10 stuks", "leverancier": 306, "eenheid": 94, "beschrijving": "", "laatste_aanpassing": "2013-11-30"}}, {"pk": 1525, "model": "producten.simpelproduct", "fields": {"nakijken": false, "prijs": "3.20", "minimum_hoeveelheid": "0.00", "naam": "ellebogen 110 / 5stuks", "leverancier": 306, "eenheid": 94, "beschrijving": "", "laatste_aanpassing": "2011-02-10"}}, {"pk": 1526, "model": "producten.simpelproduct", "fields": {"nakijken": false, "prijs": "26.19", "minimum_hoeveelheid": "0.00", "naam": "eminent 1L", "leverancier": 300, "eenheid": 99, "beschrijving": "", "laatste_aanpassing": "2011-08-19"}}, {"pk": 1527, "model": "producten.simpelproduct", "fields": {"nakijken": false, "prijs": "6.40", "minimum_hoeveelheid": "0.00", "naam": "energizer 4/E91 ultra", "leverancier": 310, "eenheid": 94, "beschrijving": "", "laatste_aanpassing": "2011-07-16"}}, {"pk": 1528, "model": "producten.simpelproduct", "fields": {"nakijken": false, "prijs": "0.84", "minimum_hoeveelheid": "1.00", "naam": "fijn bez, azobepaal gep, 120cm 4/4", "leverancier": 312, "eenheid": 94, "beschrijving": "", "laatste_aanpassing": "2010-09-02"}}, {"pk": 1529, "model": "producten.simpelproduct", "fields": {"nakijken": false, "prijs": "3.81", "minimum_hoeveelheid": "0.00", "naam": "fijn bezaagde azobe paal gepunt 150cm 6/6", "leverancier": 312, "eenheid": 94, "beschrijving": "", "laatste_aanpassing": "2011-10-19"}}, {"pk": 1530, "model": "producten.simpelproduct", "fields": {"nakijken": false, "prijs": "0.70", "minimum_hoeveelheid": "0.00", "naam": "fijn bezaagde azobepaal gepunt 100cm 4/4", "leverancier": 312, "eenheid": 94, "beschrijving": "", "laatste_aanpassing": "2011-04-28"}}, {"pk": 1531, "model": "producten.simpelproduct", "fields": {"nakijken": false, "prijs": "2.07", "minimum_hoeveelheid": "0.00", "naam": "fijn bezaagde azobepaal gepunt 150cm 5/5", "leverancier": 312, "eenheid": 94, "beschrijving": "", "laatste_aanpassing": "2011-02-03"}}, {"pk": 1532, "model": "producten.simpelproduct", "fields": {"nakijken": false, "prijs": "5.91", "minimum_hoeveelheid": "0.00", "naam": "fijn bezaagde azobepaal gepunt 200cm 7/7", "leverancier": 312, "eenheid": 94, "beschrijving": "", "laatste_aanpassing": "2010-11-04"}}, {"pk": 1533, "model": "producten.simpelproduct", "fields": {"nakijken": false, "prijs": "6.65", "minimum_hoeveelheid": "0.00", "naam": "fiotinte 525gr bloemenweide", "leverancier": 300, "eenheid": 94, "beschrijving": "", "laatste_aanpassing": "2011-05-06"}}, {"pk": 1534, "model": "producten.simpelproduct", "fields": {"nakijken": false, "prijs": "4.92", "minimum_hoeveelheid": "0.00", "naam": "Firstone pond gard Br 4,27 x 9,15m", "leverancier": 307, "eenheid": 98, "beschrijving": "", "laatste_aanpassing": "2011-08-26"}}, {"pk": 1535, "model": "producten.simpelproduct", "fields": {"nakijken": false, "prijs": "13.14", "minimum_hoeveelheid": "0.00", "naam": "Fititherm 1L", "leverancier": 307, "eenheid": 99, "beschrijving": "", "laatste_aanpassing": "2011-06-17"}}, {"pk": 1536, "model": "producten.simpelproduct", "fields": {"nakijken": false, "prijs": "1.49", "minimum_hoeveelheid": "1.00", "naam": "floranid permanent", "leverancier": 329, "eenheid": 100, "beschrijving": "", "laatste_aanpassing": "2009-08-01"}}, {"pk": 1537, "model": "producten.simpelproduct", "fields": {"nakijken": false, "prijs": "60.00", "minimum_hoeveelheid": "0.00", "naam": "funderingsbeton 300 CEM <1m3", "leverancier": 317, "eenheid": 101, "beschrijving": "", "laatste_aanpassing": "2010-11-25"}}, {"pk": 1538, "model": "producten.simpelproduct", "fields": {"nakijken": false, "prijs": "55.00", "minimum_hoeveelheid": "0.00", "naam": "funderingsbeton 300 CEM >1m3", "leverancier": 317, "eenheid": 101, "beschrijving": "", "laatste_aanpassing": "2010-11-25"}}, {"pk": 1539, "model": "producten.simpelproduct", "fields": {"nakijken": false, "prijs": "46.50", "minimum_hoeveelheid": "25.00", "naam": "gazonmest multigreen magic", "leverancier": 333, "eenheid": 100, "beschrijving": "", "laatste_aanpassing": "2009-06-01"}}, {"pk": 1540, "model": "producten.simpelproduct", "fields": {"nakijken": false, "prijs": "0.00", "minimum_hoeveelheid": "0.00", "naam": "gebakken klinker ancienne camel", "leverancier": 334, "eenheid": 98, "beschrijving": "", "laatste_aanpassing": "1980-01-01"}}, {"pk": 1541, "model": "producten.simpelproduct", "fields": {"nakijken": false, "prijs": "44.40", "minimum_hoeveelheid": "0.00", "naam": "gebakken klinker bronsgeel ancienne", "leverancier": 334, "eenheid": 98, "beschrijving": "", "laatste_aanpassing": "2010-11-18"}}, {"pk": 1542, "model": "producten.simpelproduct", "fields": {"nakijken": false, "prijs": "0.00", "minimum_hoeveelheid": "0.00", "naam": "gebakken klinker koperbruin ancienne", "leverancier": 334, "eenheid": 98, "beschrijving": "", "laatste_aanpassing": "1980-01-01"}}, {"pk": 1543, "model": "producten.simpelproduct", "fields": {"nakijken": false, "prijs": "45.12", "minimum_hoeveelheid": "0.00", "naam": "gebakken klinkers ancienne bronsgeel patine", "leverancier": 334, "eenheid": 98, "beschrijving": "", "laatste_aanpassing": "2011-09-28"}}, {"pk": 1544, "model": "producten.simpelproduct", "fields": {"nakijken": false, "prijs": "30.32", "minimum_hoeveelheid": "0.00", "naam": "gekliefde kast omhein 100x500  8/10", "leverancier": 312, "eenheid": 94, "beschrijving": "", "laatste_aanpassing": "2011-03-24"}}, {"pk": 1545, "model": "producten.simpelproduct", "fields": {"nakijken": false, "prijs": "46.10", "minimum_hoeveelheid": "0.00", "naam": "gekliefde kast omhein 120x500  4/5", "leverancier": 312, "eenheid": 94, "beschrijving": "", "laatste_aanpassing": "2011-04-07"}}, {"pk": 1546, "model": "producten.simpelproduct", "fields": {"nakijken": false, "prijs": "44.86", "minimum_hoeveelheid": "0.00", "naam": "gekliefde kast omhein 150x500  8/10", "leverancier": 312, "eenheid": 94, "beschrijving": "", "laatste_aanpassing": "2011-03-24"}}, {"pk": 1547, "model": "producten.simpelproduct", "fields": {"nakijken": false, "prijs": "118.40", "minimum_hoeveelheid": "0.00", "naam": "gekliefde kast poort  100x100", "leverancier": 312, "eenheid": 94, "beschrijving": "", "laatste_aanpassing": "2011-04-07"}}, {"pk": 1548, "model": "producten.simpelproduct", "fields": {"nakijken": false, "prijs": "137.96", "minimum_hoeveelheid": "0.00", "naam": "gekliefde kast poort  150x100", "leverancier": 312, "eenheid": 94, "beschrijving": "", "laatste_aanpassing": "2011-03-24"}}, {"pk": 1549, "model": "producten.simpelproduct", "fields": {"nakijken": false, "prijs": "67.64", "minimum_hoeveelheid": "0.00", "naam": "gekliefde kastanje omheining 175x500 4/5", "leverancier": 312, "eenheid": 94, "beschrijving": "", "laatste_aanpassing": "2011-09-14"}}, {"pk": 1550, "model": "producten.simpelproduct", "fields": {"nakijken": false, "prijs": "67.64", "minimum_hoeveelheid": "0.00", "naam": "gekliefde kstanje omheining 175x500 4/5", "leverancier": 312, "eenheid": 94, "beschrijving": "", "laatste_aanpassing": "2011-09-14"}}, {"pk": 1551, "model": "producten.simpelproduct", "fields": {"nakijken": false, "prijs": "2.77", "minimum_hoeveelheid": "0.00", "naam": "geschilde palen ge\u00efmpregneerd  250/7", "leverancier": 312, "eenheid": 94, "beschrijving": "", "laatste_aanpassing": "2011-04-14"}}, {"pk": 1552, "model": "producten.simpelproduct", "fields": {"nakijken": false, "prijs": "36.00", "minimum_hoeveelheid": "1.00", "naam": "gest zand 0/2 150 C + vertrager", "leverancier": 317, "eenheid": 101, "beschrijving": "", "laatste_aanpassing": "2009-09-01"}}, {"pk": 1553, "model": "producten.simpelproduct", "fields": {"nakijken": false, "prijs": "32.00", "minimum_hoeveelheid": "1.00", "naam": "gest zand 0/2 150 C CEM III/A 32,5", "leverancier": 317, "eenheid": 101, "beschrijving": "", "laatste_aanpassing": "2013-11-09"}}, {"pk": 1554, "model": "producten.simpelproduct", "fields": {"nakijken": false, "prijs": "44.50", "minimum_hoeveelheid": "0.00", "naam": "gest zand 0/2 150 CEM - 5 m\u00b3 geleverd", "leverancier": 317, "eenheid": 101, "beschrijving": "", "laatste_aanpassing": "2010-11-06"}}, {"pk": 1555, "model": "producten.simpelproduct", "fields": {"nakijken": false, "prijs": "37.00", "minimum_hoeveelheid": "0.00", "naam": "gest zand 0/2 150CEM <1m3", "leverancier": 317, "eenheid": 101, "beschrijving": "", "laatste_aanpassing": "2013-11-09"}}, {"pk": 1556, "model": "producten.simpelproduct", "fields": {"nakijken": false, "prijs": "37.00", "minimum_hoeveelheid": "0.00", "naam": "gest zand 0/5 150 CEM", "leverancier": 317, "eenheid": 101, "beschrijving": "", "laatste_aanpassing": "2011-01-22"}}, {"pk": 1557, "model": "producten.simpelproduct", "fields": {"nakijken": false, "prijs": "48.00", "minimum_hoeveelheid": "0.00", "naam": "gest zand 150 CEM-geleverd-4m3", "leverancier": 317, "eenheid": 101, "beschrijving": "", "laatste_aanpassing": "2011-01-15"}}, {"pk": 1558, "model": "producten.simpelproduct", "fields": {"nakijken": false, "prijs": "44.50", "minimum_hoeveelheid": "0.00", "naam": "gest zand 150 CEM-geleverd-5m3", "leverancier": 317, "eenheid": 101, "beschrijving": "", "laatste_aanpassing": "2010-12-20"}}, {"pk": 1559, "model": "producten.simpelproduct", "fields": {"nakijken": false, "prijs": "42.00", "minimum_hoeveelheid": "1.00", "naam": "gest zand 150 CEM-geleverd-6 m3", "leverancier": 317, "eenheid": 101, "beschrijving": "", "laatste_aanpassing": "2010-11-25"}}, {"pk": 1560, "model": "producten.simpelproduct", "fields": {"nakijken": false, "prijs": "29.00", "minimum_hoeveelheid": "0.00", "naam": "gest zand schelde ", "leverancier": 317, "eenheid": 101, "beschrijving": "", "laatste_aanpassing": "2011-05-13"}}, {"pk": 1561, "model": "producten.simpelproduct", "fields": {"nakijken": false, "prijs": "34.00", "minimum_hoeveelheid": "0.00", "naam": "gest zand schelde< 1m\u00b3", "leverancier": 317, "eenheid": 101, "beschrijving": "", "laatste_aanpassing": "2011-05-13"}}, {"pk": 1562, "model": "producten.simpelproduct", "fields": {"nakijken": false, "prijs": "41.40", "minimum_hoeveelheid": "1.00", "naam": "gest zeezand 150 KL 32,5", "leverancier": 335, "eenheid": 101, "beschrijving": "", "laatste_aanpassing": "2008-06-01"}}, {"pk": 1563, "model": "producten.simpelproduct", "fields": {"nakijken": false, "prijs": "32.00", "minimum_hoeveelheid": "0.00", "naam": "gestabiliseerd zeezand 0/3 150kg ", "leverancier": 325, "eenheid": 101, "beschrijving": "", "laatste_aanpassing": "2012-05-15"}}, {"pk": 1564, "model": "producten.simpelproduct", "fields": {"nakijken": false, "prijs": "44.00", "minimum_hoeveelheid": "0.00", "naam": "gestabiliseerd zeezand 0/3 150kg >1m\u00b3", "leverancier": 325, "eenheid": 101, "beschrijving": "", "laatste_aanpassing": "2012-05-15"}}, {"pk": 1565, "model": "producten.simpelproduct", "fields": {"nakijken": false, "prijs": "17.74", "minimum_hoeveelheid": "0.00", "naam": "geut  greppelrooster", "leverancier": 330, "eenheid": 94, "beschrijving": "", "laatste_aanpassing": "2011-03-17"}}, {"pk": 1566, "model": "producten.simpelproduct", "fields": {"nakijken": false, "prijs": "14.20", "minimum_hoeveelheid": "0.00", "naam": "geut kloksterfput 20x20cm", "leverancier": 330, "eenheid": 94, "beschrijving": "", "laatste_aanpassing": "2011-02-16"}}, {"pk": 1567, "model": "producten.simpelproduct", "fields": {"nakijken": false, "prijs": "267.85", "minimum_hoeveelheid": "0.00", "naam": "geut putdeksel zwaar 1mx1m  12,5 ton", "leverancier": 330, "eenheid": 94, "beschrijving": "", "laatste_aanpassing": "2011-01-06"}}, {"pk": 1568, "model": "producten.simpelproduct", "fields": {"nakijken": false, "prijs": "162.00", "minimum_hoeveelheid": "0.00", "naam": "geut putdeksel zwaar 70x70cm 25 ton carrat", "leverancier": 330, "eenheid": 94, "beschrijving": "", "laatste_aanpassing": "2011-12-07"}}, {"pk": 1569, "model": "producten.simpelproduct", "fields": {"nakijken": false, "prijs": "0.24", "minimum_hoeveelheid": "1.00", "naam": "gevelsteen WFD", "leverancier": 336, "eenheid": 94, "beschrijving": "", "laatste_aanpassing": "2008-03-01"}}, {"pk": 1570, "model": "producten.simpelproduct", "fields": {"nakijken": false, "prijs": "0.59", "minimum_hoeveelheid": "0.00", "naam": "GF buisnippel 1/2\"80cm met draad", "leverancier": 337, "eenheid": 94, "beschrijving": "", "laatste_aanpassing": "2011-01-27"}}, {"pk": 1571, "model": "producten.simpelproduct", "fields": {"nakijken": false, "prijs": "7.56", "minimum_hoeveelheid": "0.00", "naam": "GF muurbeugel 1/2\"", "leverancier": 337, "eenheid": 94, "beschrijving": "", "laatste_aanpassing": "2011-01-27"}}, {"pk": 1572, "model": "producten.simpelproduct", "fields": {"nakijken": false, "prijs": "0.62", "minimum_hoeveelheid": "0.00", "naam": "GFT - kompost ", "leverancier": 331, "eenheid": 95, "beschrijving": "", "laatste_aanpassing": "2010-11-18"}}, {"pk": 1573, "model": "producten.simpelproduct", "fields": {"nakijken": false, "prijs": "0.00", "minimum_hoeveelheid": "0.00", "naam": "gieten betonplaat incl wapening manueel", "leverancier": 338, "eenheid": 98, "beschrijving": "", "laatste_aanpassing": "1980-01-01"}}, {"pk": 1574, "model": "producten.simpelproduct", "fields": {"nakijken": false, "prijs": "6.99", "minimum_hoeveelheid": "0.00", "naam": "golfkarton 155 g/m\u00b2 0,40x70 m", "leverancier": 339, "eenheid": 103, "beschrijving": "", "laatste_aanpassing": "2011-01-27"}}, {"pk": 1575, "model": "producten.simpelproduct", "fields": {"nakijken": false, "prijs": "6.30", "minimum_hoeveelheid": "1.00", "naam": "Graszaad Euroclass eagle", "leverancier": 333, "eenheid": 100, "beschrijving": "", "laatste_aanpassing": "2009-06-01"}}, {"pk": 1576, "model": "producten.simpelproduct", "fields": {"nakijken": false, "prijs": "4.50", "minimum_hoeveelheid": "0.00", "naam": "graszaad regeneration per 10kg", "leverancier": 333, "eenheid": 100, "beschrijving": "", "laatste_aanpassing": "2011-06-01"}}, {"pk": 1577, "model": "producten.simpelproduct", "fields": {"nakijken": false, "prijs": "2.66", "minimum_hoeveelheid": "0.00", "naam": "graszoden ", "leverancier": 300, "eenheid": 98, "beschrijving": "", "laatste_aanpassing": "2011-08-19"}}, {"pk": 1578, "model": "producten.simpelproduct", "fields": {"nakijken": false, "prijs": "1.58", "minimum_hoeveelheid": "0.00", "naam": "graszoden franco", "leverancier": 340, "eenheid": 94, "beschrijving": "", "laatste_aanpassing": "2011-01-06"}}, {"pk": 1579, "model": "producten.simpelproduct", "fields": {"nakijken": false, "prijs": "67.00", "minimum_hoeveelheid": "0.00", "naam": "graszoden franco vergoeding (cfr AF 466-2010)", "leverancier": 340, "eenheid": 102, "beschrijving": "", "laatste_aanpassing": "2011-01-06"}}, {"pk": 1580, "model": "producten.simpelproduct", "fields": {"nakijken": false, "prijs": "1.96", "minimum_hoeveelheid": "0.00", "naam": "graszoden franco zonder vergoeding", "leverancier": 340, "eenheid": 94, "beschrijving": "", "laatste_aanpassing": "2011-04-07"}}, {"pk": 1581, "model": "producten.simpelproduct", "fields": {"nakijken": false, "prijs": "2.55", "minimum_hoeveelheid": "0.00", "naam": "graszoden recreatie", "leverancier": 307, "eenheid": 98, "beschrijving": "", "laatste_aanpassing": "2012-05-31"}}, {"pk": 1582, "model": "producten.simpelproduct", "fields": {"nakijken": false, "prijs": "1.93", "minimum_hoeveelheid": "1.00", "naam": "graszoden siergazon", "leverancier": 307, "eenheid": 98, "beschrijving": "", "laatste_aanpassing": "2008-10-01"}}, {"pk": 1583, "model": "producten.simpelproduct", "fields": {"nakijken": false, "prijs": "1.77", "minimum_hoeveelheid": "1.00", "naam": "graszoden siergazon afgehaald", "leverancier": 320, "eenheid": 98, "beschrijving": "", "laatste_aanpassing": "2009-09-01"}}, {"pk": 1584, "model": "producten.simpelproduct", "fields": {"nakijken": false, "prijs": "2.05", "minimum_hoeveelheid": "0.00", "naam": "grave zakken ", "leverancier": 306, "eenheid": 107, "beschrijving": "", "laatste_aanpassing": "2012-04-30"}}, {"pk": 1585, "model": "producten.simpelproduct", "fields": {"nakijken": false, "prijs": "24.00", "minimum_hoeveelheid": "0.00", "naam": "Grind 16/32", "leverancier": 317, "eenheid": 95, "beschrijving": "", "laatste_aanpassing": "2012-01-25"}}, {"pk": 1586, "model": "producten.simpelproduct", "fields": {"nakijken": false, "prijs": "22.00", "minimum_hoeveelheid": "0.00", "naam": "Grind 8/22", "leverancier": 317, "eenheid": 95, "beschrijving": "", "laatste_aanpassing": "2012-01-25"}}, {"pk": 1587, "model": "producten.simpelproduct", "fields": {"nakijken": false, "prijs": "12.51", "minimum_hoeveelheid": "0.00", "naam": "grindplaat nidagravel 2,15 x 1,14M x 4cm", "leverancier": 307, "eenheid": 98, "beschrijving": "", "laatste_aanpassing": "2012-01-04"}}, {"pk": 1588, "model": "producten.simpelproduct", "fields": {"nakijken": false, "prijs": "3.02", "minimum_hoeveelheid": "0.00", "naam": "groenbemester polyphaci", "leverancier": 310, "eenheid": 94, "beschrijving": "", "laatste_aanpassing": "2012-03-06"}}, {"pk": 1589, "model": "producten.simpelproduct", "fields": {"nakijken": false, "prijs": "18.02", "minimum_hoeveelheid": "1.00", "naam": "groencleaner 200 cc", "leverancier": 300, "eenheid": 106, "beschrijving": "", "laatste_aanpassing": "2008-07-01"}}, {"pk": 1590, "model": "producten.simpelproduct", "fields": {"nakijken": false, "prijs": "220.00", "minimum_hoeveelheid": "0.00", "naam": "groencompost", "leverancier": 326, "eenheid": 105, "beschrijving": "", "laatste_aanpassing": "2011-02-24"}}, {"pk": 1591, "model": "producten.simpelproduct", "fields": {"nakijken": false, "prijs": "5.50", "minimum_hoeveelheid": "0.00", "naam": "grondverzet /vracht", "leverancier": 341, "eenheid": 101, "beschrijving": "", "laatste_aanpassing": "2010-12-23"}}, {"pk": 1592, "model": "producten.simpelproduct", "fields": {"nakijken": false, "prijs": "518.40", "minimum_hoeveelheid": "0.00", "naam": "Grundfos pomp 2x230V", "leverancier": 337, "eenheid": 94, "beschrijving": "", "laatste_aanpassing": "2011-01-27"}}, {"pk": 1593, "model": "producten.simpelproduct", "fields": {"nakijken": false, "prijs": "2.80", "minimum_hoeveelheid": "1.00", "naam": "hardhout palen 200cm 5/5", "leverancier": 312, "eenheid": 94, "beschrijving": "", "laatste_aanpassing": "2008-06-01"}}, {"pk": 1594, "model": "producten.simpelproduct", "fields": {"nakijken": false, "prijs": "0.68", "minimum_hoeveelheid": "1.00", "naam": "hardhout palen 80cm 4/4", "leverancier": 312, "eenheid": 94, "beschrijving": "", "laatste_aanpassing": "2008-06-01"}}, {"pk": 1595, "model": "producten.simpelproduct", "fields": {"nakijken": false, "prijs": "9.33", "minimum_hoeveelheid": "0.00", "naam": "hermovit spuitzwavel", "leverancier": 310, "eenheid": 94, "beschrijving": "", "laatste_aanpassing": "2011-05-27"}}, {"pk": 1596, "model": "producten.simpelproduct", "fields": {"nakijken": false, "prijs": "0.00", "minimum_hoeveelheid": "0.00", "naam": "houten wand plaatsen eenvoudig", "leverancier": 338, "eenheid": 108, "beschrijving": "", "laatste_aanpassing": "1980-01-01"}}, {"pk": 1597, "model": "producten.simpelproduct", "fields": {"nakijken": false, "prijs": "7.45", "minimum_hoeveelheid": "0.00", "naam": "houtvezel 600L afgehaald", "leverancier": 329, "eenheid": 94, "beschrijving": "", "laatste_aanpassing": "2011-01-06"}}, {"pk": 1598, "model": "producten.simpelproduct", "fields": {"nakijken": false, "prijs": "7.50", "minimum_hoeveelheid": "0.00", "naam": "huue elektrische pomp", "leverancier": 342, "eenheid": 109, "beschrijving": "", "laatste_aanpassing": "2012-02-29"}}, {"pk": 1599, "model": "producten.simpelproduct", "fields": {"nakijken": false, "prijs": "127.00", "minimum_hoeveelheid": "0.00", "naam": "huur + plaatsen parkeervrijplaatsen", "leverancier": 343, "eenheid": 102, "beschrijving": "", "laatste_aanpassing": "2011-07-13"}}, {"pk": 1600, "model": "producten.simpelproduct", "fields": {"nakijken": false, "prijs": "56.75", "minimum_hoeveelheid": "0.00", "naam": "huur boen- schrobmachine", "leverancier": 344, "eenheid": 109, "beschrijving": "", "laatste_aanpassing": "2010-12-09"}}, {"pk": 1601, "model": "producten.simpelproduct", "fields": {"nakijken": false, "prijs": "52.42", "minimum_hoeveelheid": "1.00", "naam": "huur graszodensnijder", "leverancier": 344, "eenheid": 109, "beschrijving": "", "laatste_aanpassing": "2008-06-01"}}, {"pk": 1602, "model": "producten.simpelproduct", "fields": {"nakijken": false, "prijs": "51.24", "minimum_hoeveelheid": "1.00", "naam": "huur hakselaar", "leverancier": 323, "eenheid": 109, "beschrijving": "", "laatste_aanpassing": "2010-09-09"}}, {"pk": 1603, "model": "producten.simpelproduct", "fields": {"nakijken": false, "prijs": "111.57", "minimum_hoeveelheid": "1.00", "naam": "huur hoogtewerker", "leverancier": 345, "eenheid": 109, "beschrijving": "", "laatste_aanpassing": "2009-09-01"}}, {"pk": 1604, "model": "producten.simpelproduct", "fields": {"nakijken": false, "prijs": "175.00", "minimum_hoeveelheid": "0.00", "naam": "huur kraan 2,5 ton", "leverancier": 346, "eenheid": 109, "beschrijving": "", "laatste_aanpassing": "2011-02-03"}}, {"pk": 1605, "model": "producten.simpelproduct", "fields": {"nakijken": false, "prijs": "147.14", "minimum_hoeveelheid": "0.00", "naam": "huur kraan 2T", "leverancier": 347, "eenheid": 109, "beschrijving": "", "laatste_aanpassing": "2011-02-17"}}, {"pk": 1606, "model": "producten.simpelproduct", "fields": {"nakijken": false, "prijs": "166.32", "minimum_hoeveelheid": "0.00", "naam": "huur kraan 4 T afgehaald", "leverancier": 347, "eenheid": 109, "beschrijving": "", "laatste_aanpassing": "2011-05-13"}}, {"pk": 1607, "model": "producten.simpelproduct", "fields": {"nakijken": false, "prijs": "726.00", "minimum_hoeveelheid": "0.00", "naam": "huur kraan 4 T afgehaald 1 week", "leverancier": 347, "eenheid": 102, "beschrijving": "", "laatste_aanpassing": "2011-05-13"}}, {"pk": 1608, "model": "producten.simpelproduct", "fields": {"nakijken": false, "prijs": "88.00", "minimum_hoeveelheid": "1.00", "naam": "huur rotereg", "leverancier": 348, "eenheid": 109, "beschrijving": "", "laatste_aanpassing": "2009-09-01"}}, {"pk": 1609, "model": "producten.simpelproduct", "fields": {"nakijken": false, "prijs": "220.00", "minimum_hoeveelheid": "0.00", "naam": "huur rupsdumper 2,5 ton", "leverancier": 346, "eenheid": 109, "beschrijving": "", "laatste_aanpassing": "2011-02-03"}}, {"pk": 1610, "model": "producten.simpelproduct", "fields": {"nakijken": false, "prijs": "97.65", "minimum_hoeveelheid": "0.00", "naam": "huur sponsmachine en sponscilinder", "leverancier": 348, "eenheid": 109, "beschrijving": "", "laatste_aanpassing": "2011-04-07"}}, {"pk": 1611, "model": "producten.simpelproduct", "fields": {"nakijken": false, "prijs": "14.40", "minimum_hoeveelheid": "1.00", "naam": "huur tuinwals", "leverancier": 344, "eenheid": 109, "beschrijving": "", "laatste_aanpassing": "2009-10-01"}}, {"pk": 1612, "model": "producten.simpelproduct", "fields": {"nakijken": false, "prijs": "1.70", "minimum_hoeveelheid": "0.00", "naam": "ijzer", "leverancier": 306, "eenheid": 100, "beschrijving": "", "laatste_aanpassing": "2010-12-09"}}, {"pk": 1613, "model": "producten.simpelproduct", "fields": {"nakijken": false, "prijs": "5.25", "minimum_hoeveelheid": "0.00", "naam": "inox plaat 10,9 x 3 x 0,03", "leverancier": 330, "eenheid": 100, "beschrijving": "", "laatste_aanpassing": "2012-05-17"}}, {"pk": 1614, "model": "producten.simpelproduct", "fields": {"nakijken": false, "prijs": "15.50", "minimum_hoeveelheid": "0.00", "naam": "inox plaat snijden en plooien", "leverancier": 330, "eenheid": 110, "beschrijving": "", "laatste_aanpassing": "2012-05-17"}}, {"pk": 1615, "model": "producten.simpelproduct", "fields": {"nakijken": false, "prijs": "2.72", "minimum_hoeveelheid": "0.00", "naam": "inzetverloopstuk 110/50", "leverancier": 299, "eenheid": 94, "beschrijving": "", "laatste_aanpassing": "2011-01-20"}}, {"pk": 1616, "model": "producten.simpelproduct", "fields": {"nakijken": false, "prijs": "2.72", "minimum_hoeveelheid": "0.00", "naam": "inzetverloopstuk exc 110/75", "leverancier": 299, "eenheid": 94, "beschrijving": "", "laatste_aanpassing": "2010-12-23"}}, {"pk": 1617, "model": "producten.simpelproduct", "fields": {"nakijken": false, "prijs": "2.18", "minimum_hoeveelheid": "0.00", "naam": "je paal 160cm  6/8", "leverancier": 312, "eenheid": 94, "beschrijving": "", "laatste_aanpassing": "2011-03-24"}}, {"pk": 1618, "model": "producten.simpelproduct", "fields": {"nakijken": false, "prijs": "40.00", "minimum_hoeveelheid": "1.00", "naam": "jute op rol 1,6m x 1m", "leverancier": 308, "eenheid": 103, "beschrijving": "", "laatste_aanpassing": "2009-09-01"}}, {"pk": 1619, "model": "producten.simpelproduct", "fields": {"nakijken": false, "prijs": "1.35", "minimum_hoeveelheid": "0.00", "naam": "K-Kuip 15 L 1 palet 100st", "leverancier": 349, "eenheid": 94, "beschrijving": "", "laatste_aanpassing": "2011-01-20"}}, {"pk": 1620, "model": "producten.simpelproduct", "fields": {"nakijken": false, "prijs": "2.50", "minimum_hoeveelheid": "0.00", "naam": "K-Kuip 30 L 1 palet 100st", "leverancier": 349, "eenheid": 94, "beschrijving": "", "laatste_aanpassing": "2011-01-20"}}, {"pk": 1621, "model": "producten.simpelproduct", "fields": {"nakijken": false, "prijs": "3.67", "minimum_hoeveelheid": "0.00", "naam": "K-Kuip 45 L 1 palet 100st", "leverancier": 349, "eenheid": 94, "beschrijving": "", "laatste_aanpassing": "2011-01-20"}}, {"pk": 1622, "model": "producten.simpelproduct", "fields": {"nakijken": false, "prijs": "1.75", "minimum_hoeveelheid": "1.00", "naam": "Kabeldoorvoerbuis 90", "leverancier": 306, "eenheid": 97, "beschrijving": "", "laatste_aanpassing": "2009-10-01"}}, {"pk": 1623, "model": "producten.simpelproduct", "fields": {"nakijken": false, "prijs": "12.24", "minimum_hoeveelheid": "0.00", "naam": "kassei gemengd natuurruw klein onregelm vormen", "leverancier": 350, "eenheid": 98, "beschrijving": "", "laatste_aanpassing": "2012-05-25"}}, {"pk": 1624, "model": "producten.simpelproduct", "fields": {"nakijken": false, "prijs": "100.00", "minimum_hoeveelheid": "0.00", "naam": "kassei gemengd natuurruw leveringstoeslag", "leverancier": 350, "eenheid": 110, "beschrijving": "", "laatste_aanpassing": "2012-05-25"}}, {"pk": 1625, "model": "producten.simpelproduct", "fields": {"nakijken": false, "prijs": "22.50", "minimum_hoeveelheid": "1.00", "naam": "kassei Kandla verouderd 14/14/7", "leverancier": 351, "eenheid": 98, "beschrijving": "", "laatste_aanpassing": "2009-08-01"}}, {"pk": 1626, "model": "producten.simpelproduct", "fields": {"nakijken": false, "prijs": "25.85", "minimum_hoeveelheid": "1.00", "naam": "kassei Kandla verouderd 14/20/7", "leverancier": 351, "eenheid": 98, "beschrijving": "", "laatste_aanpassing": "2009-08-01"}}, {"pk": 1627, "model": "producten.simpelproduct", "fields": {"nakijken": false, "prijs": "33.00", "minimum_hoeveelheid": "0.00", "naam": "kassei Zweeds graniet herbruik 10/20/14", "leverancier": 351, "eenheid": 94, "beschrijving": "", "laatste_aanpassing": "2011-03-10"}}, {"pk": 1628, "model": "producten.simpelproduct", "fields": {"nakijken": false, "prijs": "90.00", "minimum_hoeveelheid": "0.00", "naam": "kassei Zweeds graniet herbruik transporttoeslag", "leverancier": 351, "eenheid": 94, "beschrijving": "", "laatste_aanpassing": "2011-04-07"}}, {"pk": 1629, "model": "producten.simpelproduct", "fields": {"nakijken": false, "prijs": "150.00", "minimum_hoeveelheid": "1.00", "naam": "kasseien transport", "leverancier": 351, "eenheid": 94, "beschrijving": "", "laatste_aanpassing": "2009-08-01"}}, {"pk": 1630, "model": "producten.simpelproduct", "fields": {"nakijken": false, "prijs": "54.77", "minimum_hoeveelheid": "1.00", "naam": "kastanje omheining H60x10m  4\u00e05 cm", "leverancier": 312, "eenheid": 94, "beschrijving": "", "laatste_aanpassing": "2008-12-01"}}, {"pk": 1631, "model": "producten.simpelproduct", "fields": {"nakijken": false, "prijs": "2.18", "minimum_hoeveelheid": "0.00", "naam": "kastanje paal 160cm 6/8", "leverancier": 312, "eenheid": 94, "beschrijving": "", "laatste_aanpassing": "2011-04-07"}}, {"pk": 1632, "model": "producten.simpelproduct", "fields": {"nakijken": false, "prijs": "4.76", "minimum_hoeveelheid": "0.00", "naam": "kastanje paal 250cm  6/8", "leverancier": 312, "eenheid": 94, "beschrijving": "", "laatste_aanpassing": "2011-03-24"}}, {"pk": 1633, "model": "producten.simpelproduct", "fields": {"nakijken": false, "prijs": "6.00", "minimum_hoeveelheid": "0.00", "naam": "kastanje paal 250cm  8/10", "leverancier": 312, "eenheid": 94, "beschrijving": "", "laatste_aanpassing": "2011-03-24"}}, {"pk": 1634, "model": "producten.simpelproduct", "fields": {"nakijken": false, "prijs": "30.00", "minimum_hoeveelheid": "0.00", "naam": "keien spramex 8/16", "leverancier": 325, "eenheid": 95, "beschrijving": "", "laatste_aanpassing": "2012-05-15"}}, {"pk": 1635, "model": "producten.simpelproduct", "fields": {"nakijken": false, "prijs": "51.00", "minimum_hoeveelheid": "0.00", "naam": "kift verpakt", "leverancier": 352, "eenheid": 95, "beschrijving": "", "laatste_aanpassing": "2013-11-15"}}, {"pk": 1636, "model": "producten.simpelproduct", "fields": {"nakijken": false, "prijs": "0.40", "minimum_hoeveelheid": "1.00", "naam": "klampsteen", "leverancier": 334, "eenheid": 94, "beschrijving": "", "laatste_aanpassing": "2009-05-01"}}, {"pk": 1637, "model": "producten.simpelproduct", "fields": {"nakijken": false, "prijs": "56.00", "minimum_hoeveelheid": "1.00", "naam": "klinkerdeksel", "leverancier": 306, "eenheid": 94, "beschrijving": "", "laatste_aanpassing": "2008-06-01"}}, {"pk": 1638, "model": "producten.simpelproduct", "fields": {"nakijken": false, "prijs": "96.94", "minimum_hoeveelheid": "1.00", "naam": "klinkerdeksel 500x500", "leverancier": 299, "eenheid": 94, "beschrijving": "", "laatste_aanpassing": "2009-05-01"}}, {"pk": 1639, "model": "producten.simpelproduct", "fields": {"nakijken": false, "prijs": "58.05", "minimum_hoeveelheid": "0.00", "naam": "klinkerdeksel aluminium 40x40cm H12cm", "leverancier": 330, "eenheid": 94, "beschrijving": "", "laatste_aanpassing": "2012-04-28"}}, {"pk": 1640, "model": "producten.simpelproduct", "fields": {"nakijken": false, "prijs": "10.83", "minimum_hoeveelheid": "1.00", "naam": "klokrooster alu, 15X15", "leverancier": 299, "eenheid": 94, "beschrijving": "", "laatste_aanpassing": "2009-05-01"}}, {"pk": 1641, "model": "producten.simpelproduct", "fields": {"nakijken": false, "prijs": "34.61", "minimum_hoeveelheid": "0.00", "naam": "kogelkraan", "leverancier": 337, "eenheid": 94, "beschrijving": "", "laatste_aanpassing": "2011-01-27"}}, {"pk": 1642, "model": "producten.simpelproduct", "fields": {"nakijken": false, "prijs": "2.10", "minimum_hoeveelheid": "0.00", "naam": "koppeling", "leverancier": 300, "eenheid": 94, "beschrijving": "", "laatste_aanpassing": "2011-08-19"}}, {"pk": 1643, "model": "producten.simpelproduct", "fields": {"nakijken": false, "prijs": "1.26", "minimum_hoeveelheid": "0.00", "naam": "koud water buis >65graden D50", "leverancier": 299, "eenheid": 97, "beschrijving": "", "laatste_aanpassing": "2010-12-23"}}, {"pk": 1644, "model": "producten.simpelproduct", "fields": {"nakijken": false, "prijs": "1.96", "minimum_hoeveelheid": "0.00", "naam": "kraanstuk 1'", "leverancier": 300, "eenheid": 94, "beschrijving": "", "laatste_aanpassing": "2011-08-19"}}, {"pk": 1645, "model": "producten.simpelproduct", "fields": {"nakijken": false, "prijs": "1.68", "minimum_hoeveelheid": "0.00", "naam": "kraanstuk 1/2", "leverancier": 300, "eenheid": 94, "beschrijving": "", "laatste_aanpassing": "2011-08-19"}}, {"pk": 1646, "model": "producten.simpelproduct", "fields": {"nakijken": false, "prijs": "1.82", "minimum_hoeveelheid": "0.00", "naam": "kraanstuk 3/4", "leverancier": 300, "eenheid": 94, "beschrijving": "", "laatste_aanpassing": "2011-08-19"}}, {"pk": 1647, "model": "producten.simpelproduct", "fields": {"nakijken": false, "prijs": "28.00", "minimum_hoeveelheid": "0.00", "naam": "kunstgras Green Touch", "leverancier": 353, "eenheid": 98, "beschrijving": "", "laatste_aanpassing": "2011-02-17"}}, {"pk": 1648, "model": "producten.simpelproduct", "fields": {"nakijken": false, "prijs": "65.00", "minimum_hoeveelheid": "0.00", "naam": "lahn kwarts 8/12", "leverancier": 320, "eenheid": 95, "beschrijving": "", "laatste_aanpassing": "2010-10-27"}}, {"pk": 1649, "model": "producten.simpelproduct", "fields": {"nakijken": false, "prijs": "35.00", "minimum_hoeveelheid": "1.00", "naam": "Lava 16/32", "leverancier": 332, "eenheid": 95, "beschrijving": "", "laatste_aanpassing": "2009-09-01"}}, {"pk": 1650, "model": "producten.simpelproduct", "fields": {"nakijken": false, "prijs": "5.63", "minimum_hoeveelheid": "0.00", "naam": "lavakorrel vulkanisch 0-3  20kg", "leverancier": 300, "eenheid": 94, "beschrijving": "", "laatste_aanpassing": "2012-02-23"}}, {"pk": 1651, "model": "producten.simpelproduct", "fields": {"nakijken": false, "prijs": "45.50", "minimum_hoeveelheid": "0.00", "naam": "mager beton 200 CEM", "leverancier": 317, "eenheid": 101, "beschrijving": "", "laatste_aanpassing": "2010-12-20"}}, {"pk": 1652, "model": "producten.simpelproduct", "fields": {"nakijken": false, "prijs": "56.00", "minimum_hoeveelheid": "0.00", "naam": "mager beton 250 CEM", "leverancier": 325, "eenheid": 101, "beschrijving": "", "laatste_aanpassing": "2012-03-31"}}, {"pk": 1653, "model": "producten.simpelproduct", "fields": {"nakijken": false, "prijs": "66.00", "minimum_hoeveelheid": "0.00", "naam": "mager beton 250 CEM <1m\u00b3", "leverancier": 325, "eenheid": 101, "beschrijving": "", "laatste_aanpassing": "2012-03-31"}}, {"pk": 1654, "model": "producten.simpelproduct", "fields": {"nakijken": false, "prijs": "43.50", "minimum_hoeveelheid": "1.00", "naam": "magere beton 150c", "leverancier": 317, "eenheid": 101, "beschrijving": "", "laatste_aanpassing": "2008-12-01"}}, {"pk": 1655, "model": "producten.simpelproduct", "fields": {"nakijken": false, "prijs": "45.50", "minimum_hoeveelheid": "0.00", "naam": "magere beton 200cem ", "leverancier": 317, "eenheid": 101, "beschrijving": "", "laatste_aanpassing": "2011-01-06"}}, {"pk": 1656, "model": "producten.simpelproduct", "fields": {"nakijken": false, "prijs": "51.00", "minimum_hoeveelheid": "1.00", "naam": "magere beton 250c", "leverancier": 317, "eenheid": 101, "beschrijving": "", "laatste_aanpassing": "2008-09-01"}}, {"pk": 1657, "model": "producten.simpelproduct", "fields": {"nakijken": false, "prijs": "0.89", "minimum_hoeveelheid": "1.00", "naam": "meststof DCM mix2", "leverancier": 307, "eenheid": 100, "beschrijving": "", "laatste_aanpassing": "2009-05-01"}}, {"pk": 1658, "model": "producten.simpelproduct", "fields": {"nakijken": false, "prijs": "0.00", "minimum_hoeveelheid": "0.00", "naam": "metsen betonmuur 30x20 15 hoog", "leverancier": 338, "eenheid": 98, "beschrijving": "", "laatste_aanpassing": "1980-01-01"}}, {"pk": 1659, "model": "producten.simpelproduct", "fields": {"nakijken": false, "prijs": "165.00", "minimum_hoeveelheid": "1.00", "naam": "minigraver Cat-rent", "leverancier": 301, "eenheid": 109, "beschrijving": "", "laatste_aanpassing": "2011-11-09"}}, {"pk": 1660, "model": "producten.simpelproduct", "fields": {"nakijken": false, "prijs": "0.26", "minimum_hoeveelheid": "1.00", "naam": "module 90", "leverancier": 306, "eenheid": 94, "beschrijving": "", "laatste_aanpassing": "2008-06-01"}}, {"pk": 1661, "model": "producten.simpelproduct", "fields": {"nakijken": false, "prijs": "1.34", "minimum_hoeveelheid": "0.00", "naam": "mof PVC  D 110", "leverancier": 354, "eenheid": 94, "beschrijving": "", "laatste_aanpassing": "2011-01-13"}}, {"pk": 1662, "model": "producten.simpelproduct", "fields": {"nakijken": false, "prijs": "3.70", "minimum_hoeveelheid": "0.00", "naam": "mofbuis D110(5M) grijs SN4 BEN 3,2 storam", "leverancier": 299, "eenheid": 97, "beschrijving": "", "laatste_aanpassing": "2011-11-02"}}, {"pk": 1663, "model": "producten.simpelproduct", "fields": {"nakijken": false, "prijs": "1.90", "minimum_hoeveelheid": "0.00", "naam": "moffen 110", "leverancier": 306, "eenheid": 94, "beschrijving": "", "laatste_aanpassing": "2013-11-30"}}, {"pk": 1664, "model": "producten.simpelproduct", "fields": {"nakijken": false, "prijs": "0.16", "minimum_hoeveelheid": "1.00", "naam": "mortel gebruiksklaar", "leverancier": 299, "eenheid": 99, "beschrijving": "", "laatste_aanpassing": "2009-05-01"}}, {"pk": 1665, "model": "producten.simpelproduct", "fields": {"nakijken": false, "prijs": "0.20", "minimum_hoeveelheid": "0.00", "naam": "mortel gebruiksklaar", "leverancier": 325, "eenheid": 99, "beschrijving": "", "laatste_aanpassing": "2012-03-31"}}, {"pk": 1666, "model": "producten.simpelproduct", "fields": {"nakijken": false, "prijs": "5.00", "minimum_hoeveelheid": "1.00", "naam": "mortelkuip huur 200L", "leverancier": 299, "eenheid": 94, "beschrijving": "", "laatste_aanpassing": "2009-05-01"}}, {"pk": 1667, "model": "producten.simpelproduct", "fields": {"nakijken": false, "prijs": "1.40", "minimum_hoeveelheid": "0.00", "naam": "mortelvet  'Verhelst' 5L geleverd", "leverancier": 299, "eenheid": 99, "beschrijving": "", "laatste_aanpassing": "2011-02-15"}}, {"pk": 1668, "model": "producten.simpelproduct", "fields": {"nakijken": false, "prijs": "5.40", "minimum_hoeveelheid": "1.00", "naam": "mortelvet 5L", "leverancier": 306, "eenheid": 94, "beschrijving": "", "laatste_aanpassing": "2013-11-30"}}, {"pk": 1669, "model": "producten.simpelproduct", "fields": {"nakijken": false, "prijs": "12.51", "minimum_hoeveelheid": "1.00", "naam": "nidagravel", "leverancier": 306, "eenheid": 94, "beschrijving": "", "laatste_aanpassing": "2011-04-30"}}, {"pk": 1670, "model": "producten.simpelproduct", "fields": {"nakijken": false, "prijs": "3.50", "minimum_hoeveelheid": "1.00", "naam": "noppenfolie", "leverancier": 320, "eenheid": 98, "beschrijving": "", "laatste_aanpassing": "2008-06-01"}}, {"pk": 1671, "model": "producten.simpelproduct", "fields": {"nakijken": false, "prijs": "1.39", "minimum_hoeveelheid": "0.00", "naam": "noppenfolie 1M x 20M", "leverancier": 319, "eenheid": 98, "beschrijving": "", "laatste_aanpassing": "2012-04-20"}}, {"pk": 1672, "model": "producten.simpelproduct", "fields": {"nakijken": false, "prijs": "69.83", "minimum_hoeveelheid": "1.00", "naam": "ombra 15 kg (schaduwgazon)", "leverancier": 300, "eenheid": 94, "beschrijving": "", "laatste_aanpassing": "2008-06-01"}}, {"pk": 1673, "model": "producten.simpelproduct", "fields": {"nakijken": false, "prijs": "19.16", "minimum_hoeveelheid": "0.00", "naam": "ombra 3kg schaduwgazon", "leverancier": 300, "eenheid": 94, "beschrijving": "", "laatste_aanpassing": "2011-08-19"}}, {"pk": 1674, "model": "producten.simpelproduct", "fields": {"nakijken": false, "prijs": "73.45", "minimum_hoeveelheid": "1.00", "naam": "omheining kastanje gekliefd 60x1000 4/5", "leverancier": 312, "eenheid": 94, "beschrijving": "", "laatste_aanpassing": "2009-09-01"}}, {"pk": 1675, "model": "producten.simpelproduct", "fields": {"nakijken": false, "prijs": "15.00", "minimum_hoeveelheid": "0.00", "naam": "onvolledige lading beton < 7 m3", "leverancier": 317, "eenheid": 101, "beschrijving": "", "laatste_aanpassing": "2011-11-09"}}, {"pk": 1676, "model": "producten.simpelproduct", "fields": {"nakijken": false, "prijs": "40.52", "minimum_hoeveelheid": "0.00", "naam": "orcatec EP95 - 3,78L", "leverancier": 355, "eenheid": 94, "beschrijving": "", "laatste_aanpassing": "2011-04-21"}}, {"pk": 1677, "model": "producten.simpelproduct", "fields": {"nakijken": false, "prijs": "5.70", "minimum_hoeveelheid": "0.00", "naam": "orcatec kit - 310ml", "leverancier": 355, "eenheid": 94, "beschrijving": "", "laatste_aanpassing": "2011-04-21"}}, {"pk": 1678, "model": "producten.simpelproduct", "fields": {"nakijken": false, "prijs": "19.35", "minimum_hoeveelheid": "0.00", "naam": "orcatec polyback primer - 1L", "leverancier": 355, "eenheid": 94, "beschrijving": "", "laatste_aanpassing": "2011-04-21"}}, {"pk": 1679, "model": "producten.simpelproduct", "fields": {"nakijken": false, "prijs": "14.47", "minimum_hoeveelheid": "1.00", "naam": "paal gefr ge\u00efm 5m \u00b010", "leverancier": 312, "eenheid": 94, "beschrijving": "", "laatste_aanpassing": "2008-12-01"}}, {"pk": 1680, "model": "producten.simpelproduct", "fields": {"nakijken": false, "prijs": "3.65", "minimum_hoeveelheid": "1.00", "naam": "paal gepunt 2,5m \u00b0 8cm", "leverancier": 308, "eenheid": 94, "beschrijving": "", "laatste_aanpassing": "2008-12-01"}}, {"pk": 1681, "model": "producten.simpelproduct", "fields": {"nakijken": false, "prijs": "1.33", "minimum_hoeveelheid": "1.00", "naam": "paal groen 1,6m  dia 6cm", "leverancier": 329, "eenheid": 94, "beschrijving": "", "laatste_aanpassing": "2009-11-01"}}, {"pk": 1682, "model": "producten.simpelproduct", "fields": {"nakijken": false, "prijs": "8.48", "minimum_hoeveelheid": "0.00", "naam": "paal zwart 220cm dia 48mm", "leverancier": 312, "eenheid": 94, "beschrijving": "", "laatste_aanpassing": "2011-09-14"}}, {"pk": 1683, "model": "producten.simpelproduct", "fields": {"nakijken": false, "prijs": "14.57", "minimum_hoeveelheid": "0.00", "naam": "paal zwart 250cm dia 60mm", "leverancier": 312, "eenheid": 94, "beschrijving": "", "laatste_aanpassing": "2011-09-14"}}, {"pk": 1684, "model": "producten.simpelproduct", "fields": {"nakijken": false, "prijs": "5.15", "minimum_hoeveelheid": "0.00", "naam": "palen gepunt geschild, groen, 3m D8cm", "leverancier": 308, "eenheid": 94, "beschrijving": "", "laatste_aanpassing": "2011-10-26"}}, {"pk": 1685, "model": "producten.simpelproduct", "fields": {"nakijken": false, "prijs": "0.35", "minimum_hoeveelheid": "1.00", "naam": "Pe 20 mm", "leverancier": 356, "eenheid": 97, "beschrijving": "", "laatste_aanpassing": "2009-06-01"}}, {"pk": 1686, "model": "producten.simpelproduct", "fields": {"nakijken": false, "prijs": "6.40", "minimum_hoeveelheid": "0.00", "naam": "PE bocht 63x63", "leverancier": 337, "eenheid": 94, "beschrijving": "", "laatste_aanpassing": "2010-12-23"}}, {"pk": 1687, "model": "producten.simpelproduct", "fields": {"nakijken": false, "prijs": "0.52", "minimum_hoeveelheid": "0.00", "naam": "PE buis 25", "leverancier": 337, "eenheid": 94, "beschrijving": "", "laatste_aanpassing": "2010-12-23"}}, {"pk": 1688, "model": "producten.simpelproduct", "fields": {"nakijken": false, "prijs": "2.50", "minimum_hoeveelheid": "0.00", "naam": "PE buis D63", "leverancier": 337, "eenheid": 94, "beschrijving": "", "laatste_aanpassing": "2010-12-23"}}, {"pk": 1689, "model": "producten.simpelproduct", "fields": {"nakijken": false, "prijs": "9.73", "minimum_hoeveelheid": "0.00", "naam": "PE GF 101 knie 63x2\"Vblauw", "leverancier": 337, "eenheid": 94, "beschrijving": "", "laatste_aanpassing": "2011-01-27"}}, {"pk": 1690, "model": "producten.simpelproduct", "fields": {"nakijken": false, "prijs": "3.28", "minimum_hoeveelheid": "0.00", "naam": "PE GF 921 koppeling 63 x 2\"M", "leverancier": 337, "eenheid": 94, "beschrijving": "", "laatste_aanpassing": "2011-01-27"}}, {"pk": 1691, "model": "producten.simpelproduct", "fields": {"nakijken": false, "prijs": "1.84", "minimum_hoeveelheid": "0.00", "naam": "PE knie 32x1\"V", "leverancier": 337, "eenheid": 94, "beschrijving": "", "laatste_aanpassing": "2010-12-23"}}, {"pk": 1692, "model": "producten.simpelproduct", "fields": {"nakijken": false, "prijs": "1.56", "minimum_hoeveelheid": "1.00", "naam": "pe kopppeling 32/1 \u201c", "leverancier": 356, "eenheid": 94, "beschrijving": "", "laatste_aanpassing": "2009-06-01"}}, {"pk": 1693, "model": "producten.simpelproduct", "fields": {"nakijken": false, "prijs": "1.67", "minimum_hoeveelheid": "0.00", "naam": "PE sok 16", "leverancier": 337, "eenheid": 94, "beschrijving": "", "laatste_aanpassing": "2010-12-23"}}, {"pk": 1694, "model": "producten.simpelproduct", "fields": {"nakijken": false, "prijs": "3.43", "minimum_hoeveelheid": "0.00", "naam": "PE sok 32", "leverancier": 337, "eenheid": 94, "beschrijving": "", "laatste_aanpassing": "2010-12-23"}}, {"pk": 1695, "model": "producten.simpelproduct", "fields": {"nakijken": false, "prijs": "4.16", "minimum_hoeveelheid": "0.00", "naam": "PEsok 40", "leverancier": 337, "eenheid": 94, "beschrijving": "", "laatste_aanpassing": "2010-12-23"}}, {"pk": 1696, "model": "producten.simpelproduct", "fields": {"nakijken": false, "prijs": "2.99", "minimum_hoeveelheid": "0.00", "naam": "plasticbuis 110", "leverancier": 306, "eenheid": 97, "beschrijving": "", "laatste_aanpassing": "2013-11-30"}}, {"pk": 1697, "model": "producten.simpelproduct", "fields": {"nakijken": false, "prijs": "3.19", "minimum_hoeveelheid": "0.00", "naam": "plasticbuis lm 125", "leverancier": 306, "eenheid": 97, "beschrijving": "", "laatste_aanpassing": "2010-11-18"}}, {"pk": 1698, "model": "producten.simpelproduct", "fields": {"nakijken": false, "prijs": "4.52", "minimum_hoeveelheid": "1.00", "naam": "plasticbuis lm 160", "leverancier": 306, "eenheid": 97, "beschrijving": "", "laatste_aanpassing": "2008-06-01"}}, {"pk": 1699, "model": "producten.simpelproduct", "fields": {"nakijken": false, "prijs": "72.00", "minimum_hoeveelheid": "0.00", "naam": "polierbeton min 7 m\u00b3", "leverancier": 317, "eenheid": 101, "beschrijving": "", "laatste_aanpassing": "2011-03-10"}}, {"pk": 1700, "model": "producten.simpelproduct", "fields": {"nakijken": false, "prijs": "1.55", "minimum_hoeveelheid": "0.00", "naam": "polymeervoeg techniseal", "leverancier": 299, "eenheid": 100, "beschrijving": "", "laatste_aanpassing": "2011-05-13"}}, {"pk": 1701, "model": "producten.simpelproduct", "fields": {"nakijken": false, "prijs": "42.61", "minimum_hoeveelheid": "0.00", "naam": "potgrond beroeps mix met meststof", "leverancier": 321, "eenheid": 101, "beschrijving": "", "laatste_aanpassing": "2011-05-27"}}, {"pk": 1702, "model": "producten.simpelproduct", "fields": {"nakijken": false, "prijs": "52.42", "minimum_hoeveelheid": "1.00", "naam": "potgrond cantainer 2co", "leverancier": 357, "eenheid": 101, "beschrijving": "", "laatste_aanpassing": "2010-10-27"}}, {"pk": 1703, "model": "producten.simpelproduct", "fields": {"nakijken": false, "prijs": "18.85", "minimum_hoeveelheid": "0.00", "naam": "prof color bodemverbetering", "leverancier": 321, "eenheid": 107, "beschrijving": "", "laatste_aanpassing": "2011-02-22"}}, {"pk": 1704, "model": "producten.simpelproduct", "fields": {"nakijken": false, "prijs": "0.79", "minimum_hoeveelheid": "0.00", "naam": "prof color korrel 25", "leverancier": 321, "eenheid": 100, "beschrijving": "", "laatste_aanpassing": "2011-04-28"}}, {"pk": 1705, "model": "producten.simpelproduct", "fields": {"nakijken": false, "prijs": "125.00", "minimum_hoeveelheid": "0.00", "naam": "putdeksel geut zwaar 90/90cm 12,5 ton", "leverancier": 330, "eenheid": 94, "beschrijving": "", "laatste_aanpassing": "2012-04-28"}}, {"pk": 1706, "model": "producten.simpelproduct", "fields": {"nakijken": false, "prijs": "50.00", "minimum_hoeveelheid": "0.00", "naam": "PVC 400", "leverancier": 319, "eenheid": 108, "beschrijving": "", "laatste_aanpassing": "2012-04-20"}}, {"pk": 1707, "model": "producten.simpelproduct", "fields": {"nakijken": false, "prijs": "0.69", "minimum_hoeveelheid": "1.00", "naam": "PVC bocht D50", "leverancier": 299, "eenheid": 94, "beschrijving": "", "laatste_aanpassing": "2009-05-01"}}, {"pk": 1708, "model": "producten.simpelproduct", "fields": {"nakijken": false, "prijs": "1.35", "minimum_hoeveelheid": "0.00", "naam": "PVC buis D40", "leverancier": 337, "eenheid": 94, "beschrijving": "", "laatste_aanpassing": "2010-12-23"}}, {"pk": 1709, "model": "producten.simpelproduct", "fields": {"nakijken": false, "prijs": "1.03", "minimum_hoeveelheid": "0.00", "naam": "PVC draadeind 50/63 x 2\"", "leverancier": 337, "eenheid": 94, "beschrijving": "", "laatste_aanpassing": "2011-01-27"}}, {"pk": 1710, "model": "producten.simpelproduct", "fields": {"nakijken": false, "prijs": "2.99", "minimum_hoeveelheid": "0.00", "naam": "PVC draadsok binnen (spuitgiet) 50/63x2\"", "leverancier": 337, "eenheid": 94, "beschrijving": "", "laatste_aanpassing": "2011-01-27"}}, {"pk": 1711, "model": "producten.simpelproduct", "fields": {"nakijken": false, "prijs": "0.41", "minimum_hoeveelheid": "1.00", "naam": "PVC dubbele mof D50", "leverancier": 299, "eenheid": 94, "beschrijving": "", "laatste_aanpassing": "2009-05-01"}}, {"pk": 1712, "model": "producten.simpelproduct", "fields": {"nakijken": false, "prijs": "17.03", "minimum_hoeveelheid": "0.00", "naam": "PVC Inox raccord 63 x 2 \"M", "leverancier": 337, "eenheid": 94, "beschrijving": "", "laatste_aanpassing": "2011-01-27"}}, {"pk": 1713, "model": "producten.simpelproduct", "fields": {"nakijken": false, "prijs": "2.20", "minimum_hoeveelheid": "0.00", "naam": "PVC knie 90  63x63", "leverancier": 337, "eenheid": 94, "beschrijving": "", "laatste_aanpassing": "2011-01-27"}}, {"pk": 1714, "model": "producten.simpelproduct", "fields": {"nakijken": false, "prijs": "4.68", "minimum_hoeveelheid": "0.00", "naam": "PVC koppeling 63 x 63", "leverancier": 337, "eenheid": 94, "beschrijving": "", "laatste_aanpassing": "2011-01-27"}}, {"pk": 1715, "model": "producten.simpelproduct", "fields": {"nakijken": false, "prijs": "1.25", "minimum_hoeveelheid": "1.00", "naam": "PVC koudwaterbuis D50", "leverancier": 299, "eenheid": 97, "beschrijving": "", "laatste_aanpassing": "2009-05-01"}}, {"pk": 1716, "model": "producten.simpelproduct", "fields": {"nakijken": false, "prijs": "58.00", "minimum_hoeveelheid": "0.00", "naam": "RB 300 CEM LA < 1m\u00b3", "leverancier": 317, "eenheid": 101, "beschrijving": "", "laatste_aanpassing": "2013-12-07"}}, {"pk": 1717, "model": "producten.simpelproduct", "fields": {"nakijken": false, "prijs": "9.50", "minimum_hoeveelheid": "0.00", "naam": "recyclagegrind", "leverancier": 317, "eenheid": 102, "beschrijving": "", "laatste_aanpassing": "2011-01-27"}}, {"pk": 1718, "model": "producten.simpelproduct", "fields": {"nakijken": false, "prijs": "15.50", "minimum_hoeveelheid": "1.00", "naam": "Reinzand 0/2", "leverancier": 317, "eenheid": 95, "beschrijving": "", "laatste_aanpassing": "2009-08-01"}}, {"pk": 1719, "model": "producten.simpelproduct", "fields": {"nakijken": false, "prijs": "43.97", "minimum_hoeveelheid": "1.00", "naam": "Renson grijs", "leverancier": 299, "eenheid": 94, "beschrijving": "", "laatste_aanpassing": "2009-05-01"}}, {"pk": 1720, "model": "producten.simpelproduct", "fields": {"nakijken": false, "prijs": "41.97", "minimum_hoeveelheid": "0.00", "naam": "Renson grijs blist 435/R 95", "leverancier": 299, "eenheid": 94, "beschrijving": "", "laatste_aanpassing": "2011-05-05"}}, {"pk": 1721, "model": "producten.simpelproduct", "fields": {"nakijken": false, "prijs": "2.80", "minimum_hoeveelheid": "0.00", "naam": "reperator 1/2 - 5/8", "leverancier": 300, "eenheid": 94, "beschrijving": "", "laatste_aanpassing": "2011-08-19"}}, {"pk": 1722, "model": "producten.simpelproduct", "fields": {"nakijken": false, "prijs": "0.16", "minimum_hoeveelheid": "1.00", "naam": "restafval sorteerbaar gebracht", "leverancier": 303, "eenheid": 100, "beschrijving": "", "laatste_aanpassing": "2011-04-30"}}, {"pk": 1723, "model": "producten.simpelproduct", "fields": {"nakijken": false, "prijs": "15.50", "minimum_hoeveelheid": "0.00", "naam": "Rijnzand 0/2", "leverancier": 317, "eenheid": 95, "beschrijving": "", "laatste_aanpassing": "2012-01-25"}}, {"pk": 1724, "model": "producten.simpelproduct", "fields": {"nakijken": false, "prijs": "1.87", "minimum_hoeveelheid": "0.00", "naam": "rijnzand 0/2 40 kg", "leverancier": 299, "eenheid": 107, "beschrijving": "", "laatste_aanpassing": "2010-12-23"}}, {"pk": 1725, "model": "producten.simpelproduct", "fields": {"nakijken": false, "prijs": "18.00", "minimum_hoeveelheid": "1.00", "naam": "Rijnzand 0/5", "leverancier": 317, "eenheid": 95, "beschrijving": "", "laatste_aanpassing": "2012-01-25"}}, {"pk": 1726, "model": "producten.simpelproduct", "fields": {"nakijken": false, "prijs": "19.00", "minimum_hoeveelheid": "1.00", "naam": "Rijnzand 0/7", "leverancier": 317, "eenheid": 95, "beschrijving": "", "laatste_aanpassing": "2012-01-25"}}, {"pk": 1727, "model": "producten.simpelproduct", "fields": {"nakijken": false, "prijs": "30.34", "minimum_hoeveelheid": "0.00", "naam": "riparo 6 kg herstelgazon", "leverancier": 300, "eenheid": 94, "beschrijving": "", "laatste_aanpassing": "2011-08-19"}}, {"pk": 1728, "model": "producten.simpelproduct", "fields": {"nakijken": false, "prijs": "10.76", "minimum_hoeveelheid": "0.00", "naam": "rootor 25 kg bodemverbetering", "leverancier": 321, "eenheid": 107, "beschrijving": "", "laatste_aanpassing": "2011-02-22"}}, {"pk": 1729, "model": "producten.simpelproduct", "fields": {"nakijken": false, "prijs": "85.45", "minimum_hoeveelheid": "0.00", "naam": "roundup ultra 5L", "leverancier": 300, "eenheid": 94, "beschrijving": "", "laatste_aanpassing": "2011-02-24"}}, {"pk": 1730, "model": "producten.simpelproduct", "fields": {"nakijken": false, "prijs": "60.72", "minimum_hoeveelheid": "0.00", "naam": "schapendraad afsluiting 100/8/15", "leverancier": 330, "eenheid": 94, "beschrijving": "", "laatste_aanpassing": "2011-03-17"}}, {"pk": 1731, "model": "producten.simpelproduct", "fields": {"nakijken": false, "prijs": "0.30", "minimum_hoeveelheid": "1.00", "naam": "seifert", "leverancier": 306, "eenheid": 100, "beschrijving": "", "laatste_aanpassing": "2008-06-01"}}, {"pk": 1732, "model": "producten.simpelproduct", "fields": {"nakijken": false, "prijs": "23.15", "minimum_hoeveelheid": "0.00", "naam": "set hamgwerk vr enkele poort", "leverancier": 312, "eenheid": 94, "beschrijving": "", "laatste_aanpassing": "2011-03-24"}}, {"pk": 1733, "model": "producten.simpelproduct", "fields": {"nakijken": false, "prijs": "25.88", "minimum_hoeveelheid": "0.00", "naam": "shingles n1 western re cedar (blue label)", "leverancier": 312, "eenheid": 94, "beschrijving": "", "laatste_aanpassing": "2010-10-05"}}, {"pk": 1734, "model": "producten.simpelproduct", "fields": {"nakijken": false, "prijs": "41.12", "minimum_hoeveelheid": "0.00", "naam": "slangenwagen 60ts set", "leverancier": 300, "eenheid": 94, "beschrijving": "", "laatste_aanpassing": "2011-08-19"}}, {"pk": 1735, "model": "producten.simpelproduct", "fields": {"nakijken": false, "prijs": "3.50", "minimum_hoeveelheid": "0.00", "naam": "slangstuk 1/2", "leverancier": 300, "eenheid": 94, "beschrijving": "", "laatste_aanpassing": "2011-08-19"}}, {"pk": 1736, "model": "producten.simpelproduct", "fields": {"nakijken": false, "prijs": "2.75", "minimum_hoeveelheid": "1.00", "naam": "snelcement", "leverancier": 306, "eenheid": 100, "beschrijving": "", "laatste_aanpassing": "2013-11-30"}}, {"pk": 1737, "model": "producten.simpelproduct", "fields": {"nakijken": false, "prijs": "4.16", "minimum_hoeveelheid": "0.00", "naam": "sok 40", "leverancier": 337, "eenheid": 94, "beschrijving": "", "laatste_aanpassing": "2010-12-23"}}, {"pk": 1738, "model": "producten.simpelproduct", "fields": {"nakijken": false, "prijs": "8.50", "minimum_hoeveelheid": "0.00", "naam": "soudafix (vinylester) 280ml chemische verankering", "leverancier": 323, "eenheid": 94, "beschrijving": "", "laatste_aanpassing": "2011-01-17"}}, {"pk": 1739, "model": "producten.simpelproduct", "fields": {"nakijken": false, "prijs": "16.00", "minimum_hoeveelheid": "0.00", "naam": "speciekuip 65L mixer 50", "leverancier": 354, "eenheid": 94, "beschrijving": "", "laatste_aanpassing": "2011-01-13"}}, {"pk": 1740, "model": "producten.simpelproduct", "fields": {"nakijken": false, "prijs": "72.50", "minimum_hoeveelheid": "0.00", "naam": "speelgazon speciaal 15 kg", "leverancier": 307, "eenheid": 94, "beschrijving": "", "laatste_aanpassing": "2011-06-10"}}, {"pk": 1741, "model": "producten.simpelproduct", "fields": {"nakijken": false, "prijs": "40.52", "minimum_hoeveelheid": "1.00", "naam": "Splicing 3,78 L", "leverancier": 355, "eenheid": 94, "beschrijving": "", "laatste_aanpassing": "2009-06-01"}}, {"pk": 1742, "model": "producten.simpelproduct", "fields": {"nakijken": false, "prijs": "4.21", "minimum_hoeveelheid": "1.00", "naam": "spoorelementen", "leverancier": 357, "eenheid": 100, "beschrijving": "", "laatste_aanpassing": "2008-06-01"}}, {"pk": 1743, "model": "producten.simpelproduct", "fields": {"nakijken": false, "prijs": "2.69", "minimum_hoeveelheid": "0.00", "naam": "sporenelementen", "leverancier": 357, "eenheid": 100, "beschrijving": "", "laatste_aanpassing": "2010-10-27"}}, {"pk": 1744, "model": "producten.simpelproduct", "fields": {"nakijken": false, "prijs": "10.45", "minimum_hoeveelheid": "1.00", "naam": "sporgon 3x10gr", "leverancier": 300, "eenheid": 106, "beschrijving": "", "laatste_aanpassing": "2008-07-01"}}, {"pk": 1745, "model": "producten.simpelproduct", "fields": {"nakijken": false, "prijs": "30.68", "minimum_hoeveelheid": "0.00", "naam": "sportak 1L + bijdrage", "leverancier": 300, "eenheid": 99, "beschrijving": "", "laatste_aanpassing": "2011-08-19"}}, {"pk": 1746, "model": "producten.simpelproduct", "fields": {"nakijken": false, "prijs": "11.12", "minimum_hoeveelheid": "0.00", "naam": "sproeier polo", "leverancier": 300, "eenheid": 94, "beschrijving": "", "laatste_aanpassing": "2011-08-19"}}, {"pk": 1747, "model": "producten.simpelproduct", "fields": {"nakijken": false, "prijs": "3.50", "minimum_hoeveelheid": "1.00", "naam": "Staalslak 7/14", "leverancier": 309, "eenheid": 95, "beschrijving": "", "laatste_aanpassing": "2011-03-31"}}, {"pk": 1748, "model": "producten.simpelproduct", "fields": {"nakijken": false, "prijs": "130.00", "minimum_hoeveelheid": "0.00", "naam": "staalslak transporkost 1 rit", "leverancier": 309, "eenheid": 102, "beschrijving": "", "laatste_aanpassing": "2011-04-07"}}, {"pk": 1749, "model": "producten.simpelproduct", "fields": {"nakijken": false, "prijs": "0.21", "minimum_hoeveelheid": "0.00", "naam": "stabilis\u00e9 Knauf", "leverancier": 325, "eenheid": 100, "beschrijving": "", "laatste_aanpassing": "2013-11-15"}}, {"pk": 1750, "model": "producten.simpelproduct", "fields": {"nakijken": false, "prijs": "1.93", "minimum_hoeveelheid": "0.00", "naam": "steekmof D110 grijs", "leverancier": 299, "eenheid": 94, "beschrijving": "", "laatste_aanpassing": "2010-12-23"}}, {"pk": 1751, "model": "producten.simpelproduct", "fields": {"nakijken": false, "prijs": "18.50", "minimum_hoeveelheid": "0.00", "naam": "Steenslag 0/32 TV", "leverancier": 317, "eenheid": 95, "beschrijving": "", "laatste_aanpassing": "2012-01-25"}}, {"pk": 1752, "model": "producten.simpelproduct", "fields": {"nakijken": false, "prijs": "24.00", "minimum_hoeveelheid": "0.00", "naam": "steenslag 6/14", "leverancier": 325, "eenheid": 95, "beschrijving": "", "laatste_aanpassing": "2012-05-15"}}, {"pk": 1753, "model": "producten.simpelproduct", "fields": {"nakijken": false, "prijs": "24.00", "minimum_hoeveelheid": "1.00", "naam": "Steenslag 6/14", "leverancier": 317, "eenheid": 95, "beschrijving": "", "laatste_aanpassing": "2012-05-12"}}, {"pk": 1754, "model": "producten.simpelproduct", "fields": {"nakijken": false, "prijs": "26.00", "minimum_hoeveelheid": "0.00", "naam": "steenslag 6/14 >5ton", "leverancier": 325, "eenheid": 95, "beschrijving": "", "laatste_aanpassing": "2012-05-15"}}, {"pk": 1755, "model": "producten.simpelproduct", "fields": {"nakijken": false, "prijs": "1.92", "minimum_hoeveelheid": "0.00", "naam": "steenslag 7/14 35 kg geleverd", "leverancier": 299, "eenheid": 107, "beschrijving": "", "laatste_aanpassing": "2011-02-15"}}, {"pk": 1756, "model": "producten.simpelproduct", "fields": {"nakijken": false, "prijs": "9.81", "minimum_hoeveelheid": "0.00", "naam": "steunpaal zwart 230cm dia 42mm", "leverancier": 312, "eenheid": 94, "beschrijving": "", "laatste_aanpassing": "2011-09-14"}}, {"pk": 1757, "model": "producten.simpelproduct", "fields": {"nakijken": false, "prijs": "5.00", "minimum_hoeveelheid": "0.00", "naam": "storten gewapend beton", "leverancier": 305, "eenheid": 95, "beschrijving": "", "laatste_aanpassing": "2010-09-16"}}, {"pk": 1758, "model": "producten.simpelproduct", "fields": {"nakijken": false, "prijs": "15.00", "minimum_hoeveelheid": "0.00", "naam": "storten grond en stenen", "leverancier": 302, "eenheid": 95, "beschrijving": "", "laatste_aanpassing": "2010-11-18"}}, {"pk": 1759, "model": "producten.simpelproduct", "fields": {"nakijken": false, "prijs": "3.75", "minimum_hoeveelheid": "1.00", "naam": "storten metselwerk en mengpuin <70cm", "leverancier": 305, "eenheid": 95, "beschrijving": "", "laatste_aanpassing": "2011-09-23"}}, {"pk": 1760, "model": "producten.simpelproduct", "fields": {"nakijken": false, "prijs": "0.00", "minimum_hoeveelheid": "1.00", "naam": "storten ongewap beton <70 cm", "leverancier": 305, "eenheid": 95, "beschrijving": "", "laatste_aanpassing": "2009-09-01"}}, {"pk": 1761, "model": "producten.simpelproduct", "fields": {"nakijken": false, "prijs": "3.50", "minimum_hoeveelheid": "1.00", "naam": "Storten v, steengruis <70cm", "leverancier": 305, "eenheid": 95, "beschrijving": "", "laatste_aanpassing": "2009-09-01"}}, {"pk": 1762, "model": "producten.simpelproduct", "fields": {"nakijken": false, "prijs": "8.75", "minimum_hoeveelheid": "1.00", "naam": "Storten v, steengruis <70cm onzuiver", "leverancier": 305, "eenheid": 95, "beschrijving": "", "laatste_aanpassing": "2010-09-16"}}, {"pk": 1763, "model": "producten.simpelproduct", "fields": {"nakijken": false, "prijs": "8.95", "minimum_hoeveelheid": "0.00", "naam": "Stukanet 80 2,4x0,7", "leverancier": 299, "eenheid": 94, "beschrijving": "", "laatste_aanpassing": "2013-11-15"}}, {"pk": 1764, "model": "producten.simpelproduct", "fields": {"nakijken": false, "prijs": "4.20", "minimum_hoeveelheid": "0.00", "naam": "T 110 PVC", "leverancier": 306, "eenheid": 94, "beschrijving": "", "laatste_aanpassing": "2011-04-14"}}, {"pk": 1765, "model": "producten.simpelproduct", "fields": {"nakijken": false, "prijs": "4.01", "minimum_hoeveelheid": "0.00", "naam": "T stuk 88* D110 3x mof grijs ", "leverancier": 299, "eenheid": 94, "beschrijving": "", "laatste_aanpassing": "2011-05-05"}}, {"pk": 1766, "model": "producten.simpelproduct", "fields": {"nakijken": false, "prijs": "62.00", "minimum_hoeveelheid": "1.00", "naam": "Taunuskwarts 6/12", "leverancier": 309, "eenheid": 95, "beschrijving": "", "laatste_aanpassing": "2009-09-01"}}, {"pk": 1767, "model": "producten.simpelproduct", "fields": {"nakijken": false, "prijs": "3.00", "minimum_hoeveelheid": "1.00", "naam": "teelaarde afgehaald", "leverancier": 302, "eenheid": 95, "beschrijving": "", "laatste_aanpassing": "2010-09-16"}}, {"pk": 1768, "model": "producten.simpelproduct", "fields": {"nakijken": false, "prijs": "15.00", "minimum_hoeveelheid": "1.00", "naam": "tegels Yellow 20 x 20", "leverancier": 358, "eenheid": 98, "beschrijving": "", "laatste_aanpassing": "2008-06-01"}}, {"pk": 1769, "model": "producten.simpelproduct", "fields": {"nakijken": false, "prijs": "22.00", "minimum_hoeveelheid": "1.00", "naam": "tegels Yellow 40 x 40", "leverancier": 358, "eenheid": 98, "beschrijving": "", "laatste_aanpassing": "2008-06-01"}}, {"pk": 1770, "model": "producten.simpelproduct", "fields": {"nakijken": false, "prijs": "2.62", "minimum_hoeveelheid": "1.00", "naam": "Thermowood 45x68", "leverancier": 359, "eenheid": 97, "beschrijving": "", "laatste_aanpassing": "2009-08-01"}}, {"pk": 1771, "model": "producten.simpelproduct", "fields": {"nakijken": false, "prijs": "18.00", "minimum_hoeveelheid": "0.00", "naam": "toezichtput geut 250mm gesloten", "leverancier": 330, "eenheid": 94, "beschrijving": "", "laatste_aanpassing": "2011-03-17"}}, {"pk": 1772, "model": "producten.simpelproduct", "fields": {"nakijken": false, "prijs": "16.75", "minimum_hoeveelheid": "0.00", "naam": "top resist 2,5l gewasbescherming", "leverancier": 321, "eenheid": 106, "beschrijving": "", "laatste_aanpassing": "2011-02-22"}}, {"pk": 1773, "model": "producten.simpelproduct", "fields": {"nakijken": false, "prijs": "4.19", "minimum_hoeveelheid": "0.00", "naam": "traagwerkende meststof 12-14 mnd", "leverancier": 357, "eenheid": 100, "beschrijving": "", "laatste_aanpassing": "2010-10-27"}}, {"pk": 1774, "model": "producten.simpelproduct", "fields": {"nakijken": false, "prijs": "3.33", "minimum_hoeveelheid": "1.00", "naam": "traagwerkende meststof 89 mnd", "leverancier": 357, "eenheid": 100, "beschrijving": "", "laatste_aanpassing": "2008-06-01"}}, {"pk": 1775, "model": "producten.simpelproduct", "fields": {"nakijken": false, "prijs": "30.16", "minimum_hoeveelheid": "0.00", "naam": "tralienetten 6", "leverancier": 306, "eenheid": 94, "beschrijving": "", "laatste_aanpassing": "2011-03-17"}}, {"pk": 1776, "model": "producten.simpelproduct", "fields": {"nakijken": false, "prijs": "119.75", "minimum_hoeveelheid": "0.00", "naam": "transport en verzek huur kraan", "leverancier": 346, "eenheid": 109, "beschrijving": "", "laatste_aanpassing": "2011-02-03"}}, {"pk": 1777, "model": "producten.simpelproduct", "fields": {"nakijken": false, "prijs": "80.00", "minimum_hoeveelheid": "0.00", "naam": "transportkosten gebakken klinkers", "leverancier": 334, "eenheid": 94, "beschrijving": "", "laatste_aanpassing": "2011-03-17"}}, {"pk": 1778, "model": "producten.simpelproduct", "fields": {"nakijken": false, "prijs": "10.58", "minimum_hoeveelheid": "1.00", "naam": "turf 250L per palet afgehaald (18stuk)", "leverancier": 307, "eenheid": 94, "beschrijving": "", "laatste_aanpassing": "2011-10-26"}}, {"pk": 1779, "model": "producten.simpelproduct", "fields": {"nakijken": false, "prijs": "65.00", "minimum_hoeveelheid": "1.00", "naam": "uitfrezen wortelstronken", "leverancier": 360, "eenheid": 111, "beschrijving": "", "laatste_aanpassing": "2008-12-01"}}, {"pk": 1780, "model": "producten.simpelproduct", "fields": {"nakijken": false, "prijs": "0.00", "minimum_hoeveelheid": "0.00", "naam": "uitgraven kleine graafmachine", "leverancier": 338, "eenheid": 101, "beschrijving": "", "laatste_aanpassing": "1980-01-01"}}, {"pk": 1781, "model": "producten.simpelproduct", "fields": {"nakijken": false, "prijs": "0.20", "minimum_hoeveelheid": "1.00", "naam": "UP 210 pleister", "leverancier": 299, "eenheid": 100, "beschrijving": "", "laatste_aanpassing": "2009-09-01"}}, {"pk": 1782, "model": "producten.simpelproduct", "fields": {"nakijken": false, "prijs": "60.00", "minimum_hoeveelheid": "0.00", "naam": "uurloon rupskraan", "leverancier": 361, "eenheid": 111, "beschrijving": "", "laatste_aanpassing": "2010-12-09"}}, {"pk": 1783, "model": "producten.simpelproduct", "fields": {"nakijken": false, "prijs": "47.32", "minimum_hoeveelheid": "0.00", "naam": "vacciplant 1L", "leverancier": 300, "eenheid": 99, "beschrijving": "", "laatste_aanpassing": "2011-07-13"}}, {"pk": 1784, "model": "producten.simpelproduct", "fields": {"nakijken": false, "prijs": "64.60", "minimum_hoeveelheid": "0.00", "naam": "verplaatsing dieplader uurloon", "leverancier": 361, "eenheid": 102, "beschrijving": "", "laatste_aanpassing": "2010-12-09"}}, {"pk": 1785, "model": "producten.simpelproduct", "fields": {"nakijken": false, "prijs": "64.60", "minimum_hoeveelheid": "0.00", "naam": "verplaatsing kraan uurloon", "leverancier": 361, "eenheid": 102, "beschrijving": "", "laatste_aanpassing": "2010-12-09"}}, {"pk": 1786, "model": "producten.simpelproduct", "fields": {"nakijken": false, "prijs": "1.89", "minimum_hoeveelheid": "0.00", "naam": "verval 110/50 PVC", "leverancier": 306, "eenheid": 94, "beschrijving": "", "laatste_aanpassing": "2010-11-18"}}, {"pk": 1787, "model": "producten.simpelproduct", "fields": {"nakijken": false, "prijs": "1.53", "minimum_hoeveelheid": "0.00", "naam": "verval 110/80", "leverancier": 306, "eenheid": 94, "beschrijving": "", "laatste_aanpassing": "2011-08-19"}}, {"pk": 1788, "model": "producten.simpelproduct", "fields": {"nakijken": false, "prijs": "3.28", "minimum_hoeveelheid": "0.00", "naam": "vervalstuk PVC D 110-100", "leverancier": 354, "eenheid": 94, "beschrijving": "", "laatste_aanpassing": "2011-01-13"}}, {"pk": 1789, "model": "producten.simpelproduct", "fields": {"nakijken": false, "prijs": "2.44", "minimum_hoeveelheid": "0.00", "naam": "vervalstuk PVC D 50-11", "leverancier": 354, "eenheid": 94, "beschrijving": "", "laatste_aanpassing": "2011-01-13"}}, {"pk": 1790, "model": "producten.simpelproduct", "fields": {"nakijken": false, "prijs": "3.21", "minimum_hoeveelheid": "0.00", "naam": "vervalstuk PVC D 80-110", "leverancier": 354, "eenheid": 94, "beschrijving": "", "laatste_aanpassing": "2011-01-13"}}, {"pk": 1791, "model": "producten.simpelproduct", "fields": {"nakijken": false, "prijs": "15.00", "minimum_hoeveelheid": "0.00", "naam": "verwerking afval", "leverancier": 302, "eenheid": 95, "beschrijving": "", "laatste_aanpassing": "2011-01-20"}}, {"pk": 1792, "model": "producten.simpelproduct", "fields": {"nakijken": false, "prijs": "3.75", "minimum_hoeveelheid": "0.00", "naam": "verwerking van mengpijn", "leverancier": 302, "eenheid": 95, "beschrijving": "", "laatste_aanpassing": "2011-02-10"}}, {"pk": 1793, "model": "producten.simpelproduct", "fields": {"nakijken": false, "prijs": "22.05", "minimum_hoeveelheid": "0.00", "naam": "verzinkte krammen 3,0x30  /  5kg", "leverancier": 312, "eenheid": 106, "beschrijving": "", "laatste_aanpassing": "2011-04-07"}}, {"pk": 1794, "model": "producten.simpelproduct", "fields": {"nakijken": false, "prijs": "2.73", "minimum_hoeveelheid": "0.00", "naam": "vetpatroon MS2 0,4kg", "leverancier": 362, "eenheid": 94, "beschrijving": "", "laatste_aanpassing": "2011-09-23"}}, {"pk": 1795, "model": "producten.simpelproduct", "fields": {"nakijken": false, "prijs": "0.00", "minimum_hoeveelheid": "0.00", "naam": "vijver filterrooster", "leverancier": 338, "eenheid": 98, "beschrijving": "", "laatste_aanpassing": "1980-01-01"}}, {"pk": 1796, "model": "producten.simpelproduct", "fields": {"nakijken": false, "prijs": "0.00", "minimum_hoeveelheid": "0.00", "naam": "vijverdoorvoer plaatsen", "leverancier": 338, "eenheid": 94, "beschrijving": "", "laatste_aanpassing": "1980-01-01"}}, {"pk": 1797, "model": "producten.simpelproduct", "fields": {"nakijken": false, "prijs": "592.14", "minimum_hoeveelheid": "1.00", "naam": "vijverfolie 4x30,5 m", "leverancier": 355, "eenheid": 103, "beschrijving": "", "laatste_aanpassing": "2009-06-01"}}, {"pk": 1798, "model": "producten.simpelproduct", "fields": {"nakijken": false, "prijs": "0.00", "minimum_hoeveelheid": "0.00", "naam": "vijverfolie plaatsen", "leverancier": 338, "eenheid": 98, "beschrijving": "", "laatste_aanpassing": "1980-01-01"}}, {"pk": 1799, "model": "producten.simpelproduct", "fields": {"nakijken": false, "prijs": "61.12", "minimum_hoeveelheid": "1.00", "naam": "Vijverpomp 4000", "leverancier": 307, "eenheid": 94, "beschrijving": "", "laatste_aanpassing": "2009-05-01"}}, {"pk": 1800, "model": "producten.simpelproduct", "fields": {"nakijken": false, "prijs": "331.09", "minimum_hoeveelheid": "0.00", "naam": "vijverpomp Messner eco-tec 2-20,000", "leverancier": 307, "eenheid": 94, "beschrijving": "", "laatste_aanpassing": "2011-09-14"}}, {"pk": 1801, "model": "producten.simpelproduct", "fields": {"nakijken": false, "prijs": "14.81", "minimum_hoeveelheid": "1.00", "naam": "vijvervlotter", "leverancier": 363, "eenheid": 94, "beschrijving": "", "laatste_aanpassing": "2009-08-01"}}, {"pk": 1802, "model": "producten.simpelproduct", "fields": {"nakijken": false, "prijs": "19.30", "minimum_hoeveelheid": "0.00", "naam": "vivifos 25 kg bodemverbetering", "leverancier": 321, "eenheid": 107, "beschrijving": "", "laatste_aanpassing": "2011-02-22"}}, {"pk": 1803, "model": "producten.simpelproduct", "fields": {"nakijken": false, "prijs": "17.90", "minimum_hoeveelheid": "0.00", "naam": "vivisol 25 kg bodemverbetering", "leverancier": 321, "eenheid": 107, "beschrijving": "", "laatste_aanpassing": "2011-02-22"}}, {"pk": 1804, "model": "producten.simpelproduct", "fields": {"nakijken": false, "prijs": "19.20", "minimum_hoeveelheid": "0.00", "naam": "vivsol kor, 25kg", "leverancier": 307, "eenheid": 94, "beschrijving": "", "laatste_aanpassing": "2011-06-10"}}, {"pk": 1805, "model": "producten.simpelproduct", "fields": {"nakijken": false, "prijs": "21.00", "minimum_hoeveelheid": "1.00", "naam": "vlechtwerk hazelaar 75x150", "leverancier": 312, "eenheid": 94, "beschrijving": "", "laatste_aanpassing": "2008-10-01"}}, {"pk": 1806, "model": "producten.simpelproduct", "fields": {"nakijken": false, "prijs": "36.00", "minimum_hoeveelheid": "0.00", "naam": "wapeningsnetten 150/150/8/8", "leverancier": 299, "eenheid": 94, "beschrijving": "", "laatste_aanpassing": "2010-12-23"}}, {"pk": 1807, "model": "producten.simpelproduct", "fields": {"nakijken": false, "prijs": "40.71", "minimum_hoeveelheid": "0.00", "naam": "watertimer wt 1030", "leverancier": 300, "eenheid": 94, "beschrijving": "", "laatste_aanpassing": "2011-08-19"}}, {"pk": 1808, "model": "producten.simpelproduct", "fields": {"nakijken": false, "prijs": "2.35", "minimum_hoeveelheid": "1.00", "naam": "wit zand", "leverancier": 306, "eenheid": 107, "beschrijving": "", "laatste_aanpassing": "2013-11-30"}}, {"pk": 1809, "model": "producten.simpelproduct", "fields": {"nakijken": false, "prijs": "2.40", "minimum_hoeveelheid": "0.00", "naam": "wit zand zak 40kg", "leverancier": 299, "eenheid": 107, "beschrijving": "", "laatste_aanpassing": "2011-11-02"}}, {"pk": 1810, "model": "producten.simpelproduct", "fields": {"nakijken": false, "prijs": "0.28", "minimum_hoeveelheid": "1.00", "naam": "witte cement", "leverancier": 306, "eenheid": 100, "beschrijving": "", "laatste_aanpassing": "2013-11-30"}}, {"pk": 1811, "model": "producten.simpelproduct", "fields": {"nakijken": false, "prijs": "0.29", "minimum_hoeveelheid": "1.00", "naam": "witte cement  42,50 (25kg)", "leverancier": 358, "eenheid": 100, "beschrijving": "", "laatste_aanpassing": "2008-06-01"}}, {"pk": 1812, "model": "producten.simpelproduct", "fields": {"nakijken": false, "prijs": "88.55", "minimum_hoeveelheid": "1.00", "naam": "wortelfolie 60cm x 25m", "leverancier": 307, "eenheid": 94, "beschrijving": "", "laatste_aanpassing": "2012-04-24"}}, {"pk": 1813, "model": "producten.simpelproduct", "fields": {"nakijken": false, "prijs": "4.60", "minimum_hoeveelheid": "0.00", "naam": "Y stuk 45 D110 3Xmof grijs SN4 ", "leverancier": 299, "eenheid": 94, "beschrijving": "", "laatste_aanpassing": "2010-12-09"}}, {"pk": 1814, "model": "producten.simpelproduct", "fields": {"nakijken": false, "prijs": "1.77", "minimum_hoeveelheid": "1.00", "naam": "zand 0/2 40kg per palet", "leverancier": 299, "eenheid": 107, "beschrijving": "", "laatste_aanpassing": "2008-08-01"}}, {"pk": 1815, "model": "producten.simpelproduct", "fields": {"nakijken": false, "prijs": "1.70", "minimum_hoeveelheid": "1.00", "naam": "zand zakken", "leverancier": 306, "eenheid": 107, "beschrijving": "", "laatste_aanpassing": "2013-11-30"}}, {"pk": 1816, "model": "producten.simpelproduct", "fields": {"nakijken": false, "prijs": "1.80", "minimum_hoeveelheid": "1.00", "naam": "zavel zakken", "leverancier": 306, "eenheid": 107, "beschrijving": "", "laatste_aanpassing": "2013-11-30"}}, {"pk": 1817, "model": "producten.simpelproduct", "fields": {"nakijken": false, "prijs": "26.10", "minimum_hoeveelheid": "0.00", "naam": "zelftappers 120/doos 5,5x50", "leverancier": 312, "eenheid": 106, "beschrijving": "", "laatste_aanpassing": "2010-11-18"}}, {"pk": 1818, "model": "producten.simpelproduct", "fields": {"nakijken": false, "prijs": "28.81", "minimum_hoeveelheid": "0.00", "naam": "zelftappers 340/doos 4x35", "leverancier": 312, "eenheid": 94, "beschrijving": "", "laatste_aanpassing": "2011-10-19"}}, {"pk": 1819, "model": "producten.simpelproduct", "fields": {"nakijken": false, "prijs": "1.97", "minimum_hoeveelheid": "0.00", "naam": "rolgrint zak", "leverancier": 306, "eenheid": 107, "beschrijving": "", "laatste_aanpassing": "2013-11-30"}}, {"pk": 1820, "model": "producten.simpelproduct", "fields": {"nakijken": false, "prijs": "0.34", "minimum_hoeveelheid": "0.00", "naam": "kalk", "leverancier": 306, "eenheid": 100, "beschrijving": "", "laatste_aanpassing": "2013-11-30"}}, {"pk": 1821, "model": "producten.simpelproduct", "fields": {"nakijken": false, "prijs": "1.85", "minimum_hoeveelheid": "0.00", "naam": "kift zakken", "leverancier": 306, "eenheid": 107, "beschrijving": "", "laatste_aanpassing": "2013-11-30"}}, {"pk": 1822, "model": "producten.simpelproduct", "fields": {"nakijken": false, "prijs": "3.18", "minimum_hoeveelheid": "0.00", "naam": "betonmortel zakken", "leverancier": 306, "eenheid": 107, "beschrijving": "", "laatste_aanpassing": "2013-11-30"}}, {"pk": 1823, "model": "producten.simpelproduct", "fields": {"nakijken": false, "prijs": "30.50", "minimum_hoeveelheid": "0.00", "naam": "gleufpaal thermowood 90x90x2700 mm", "leverancier": 364, "eenheid": 94, "beschrijving": "", "laatste_aanpassing": "2013-12-13"}}, {"pk": 1824, "model": "producten.simpelproduct", "fields": {"nakijken": false, "prijs": "26.00", "minimum_hoeveelheid": "0.00", "naam": "paalhouders RVS \u2013 H 90x90 cm", "leverancier": 364, "eenheid": 94, "beschrijving": "", "laatste_aanpassing": "2013-12-13"}}, {"pk": 1825, "model": "producten.simpelproduct", "fields": {"nakijken": false, "prijs": "3.95", "minimum_hoeveelheid": "0.00", "naam": "houtdraaibouten 8x40mm", "leverancier": 364, "eenheid": 112, "beschrijving": "", "laatste_aanpassing": "2013-12-13"}}, {"pk": 1826, "model": "producten.simpelproduct", "fields": {"nakijken": false, "prijs": "13.50", "minimum_hoeveelheid": "0.00", "naam": "gevelbekl thwd 18x142x4500mm gesch tand en groef", "leverancier": 364, "eenheid": 94, "beschrijving": "", "laatste_aanpassing": "2013-12-13"}}, {"pk": 1, "model": "south.migrationhistory", "fields": {"applied": "2013-12-30T20:37:07.035Z", "app_name": "producten", "migration": "0001_initial"}}, {"pk": 2, "model": "south.migrationhistory", "fields": {"applied": "2013-12-30T20:37:07.054Z", "app_name": "producten", "migration": "0002_auto__add_field_simpelproduct_laatste_aanpassing"}}, {"pk": 3, "model": "south.migrationhistory", "fields": {"applied": "2013-12-30T20:37:07.143Z", "app_name": "producten", "migration": "0003_auto__del_unique_samengesteldproduct_naam__chg_field_simpelproduct_laa"}}, {"pk": 4, "model": "south.migrationhistory", "fields": {"applied": "2013-12-30T20:37:07.228Z", "app_name": "producten", "migration": "0004_auto__add_field_leverancier_adres__add_field_leverancier_telefoon__add"}}, {"pk": 5, "model": "south.migrationhistory", "fields": {"applied": "2013-12-30T20:37:07.281Z", "app_name": "producten", "migration": "0005_auto__add_unique_eenheid_naam__add_unique_eenheid_afkorting"}}, {"pk": 6, "model": "south.migrationhistory", "fields": {"applied": "2013-12-30T20:37:07.505Z", "app_name": "producten", "migration": "0006_auto__chg_field_samengesteldproduct_beschrijving__chg_field_leverancie"}}, {"pk": 7, "model": "south.migrationhistory", "fields": {"applied": "2013-12-30T20:37:07.622Z", "app_name": "producten", "migration": "0007_auto__add_field_simpelproduct_minimum_hoeveelheid"}}, {"pk": 8, "model": "south.migrationhistory", "fields": {"applied": "2013-12-30T20:37:07.756Z", "app_name": "producten", "migration": "0008_auto__add_field_simpelproduct_nakijken"}}, {"pk": 9, "model": "south.migrationhistory", "fields": {"applied": "2013-12-30T20:38:20.232Z", "app_name": "producten", "migration": "0009_auto__del_unique_leverancier_email"}}, {"pk": 10, "model": "south.migrationhistory", "fields": {"applied": "2013-12-30T20:51:08.041Z", "app_name": "producten", "migration": "0010_auto__chg_field_eenheid_afkorting"}}, {"pk": 1, "model": "auth.permission", "fields": {"codename": "add_logentry", "name": "Can add log entry", "content_type": 1}}, {"pk": 2, "model": "auth.permission", "fields": {"codename": "change_logentry", "name": "Can change log entry", "content_type": 1}}, {"pk": 3, "model": "auth.permission", "fields": {"codename": "delete_logentry", "name": "Can delete log entry", "content_type": 1}}, {"pk": 4, "model": "auth.permission", "fields": {"codename": "add_permission", "name": "Can add permission", "content_type": 2}}, {"pk": 5, "model": "auth.permission", "fields": {"codename": "change_permission", "name": "Can change permission", "content_type": 2}}, {"pk": 6, "model": "auth.permission", "fields": {"codename": "delete_permission", "name": "Can delete permission", "content_type": 2}}, {"pk": 7, "model": "auth.permission", "fields": {"codename": "add_group", "name": "Can add group", "content_type": 3}}, {"pk": 8, "model": "auth.permission", "fields": {"codename": "change_group", "name": "Can change group", "content_type": 3}}, {"pk": 9, "model": "auth.permission", "fields": {"codename": "delete_group", "name": "Can delete group", "content_type": 3}}, {"pk": 10, "model": "auth.permission", "fields": {"codename": "add_user", "name": "Can add user", "content_type": 4}}, {"pk": 11, "model": "auth.permission", "fields": {"codename": "change_user", "name": "Can change user", "content_type": 4}}, {"pk": 12, "model": "auth.permission", "fields": {"codename": "delete_user", "name": "Can delete user", "content_type": 4}}, {"pk": 13, "model": "auth.permission", "fields": {"codename": "add_contenttype", "name": "Can add content type", "content_type": 5}}, {"pk": 14, "model": "auth.permission", "fields": {"codename": "change_contenttype", "name": "Can change content type", "content_type": 5}}, {"pk": 15, "model": "auth.permission", "fields": {"codename": "delete_contenttype", "name": "Can delete content type", "content_type": 5}}, {"pk": 16, "model": "auth.permission", "fields": {"codename": "add_session", "name": "Can add session", "content_type": 6}}, {"pk": 17, "model": "auth.permission", "fields": {"codename": "change_session", "name": "Can change session", "content_type": 6}}, {"pk": 18, "model": "auth.permission", "fields": {"codename": "delete_session", "name": "Can delete session", "content_type": 6}}, {"pk": 19, "model": "auth.permission", "fields": {"codename": "add_migrationhistory", "name": "Can add migration history", "content_type": 7}}, {"pk": 20, "model": "auth.permission", "fields": {"codename": "change_migrationhistory", "name": "Can change migration history", "content_type": 7}}, {"pk": 21, "model": "auth.permission", "fields": {"codename": "delete_migrationhistory", "name": "Can delete migration history", "content_type": 7}}, {"pk": 22, "model": "auth.permission", "fields": {"codename": "add_eenheid", "name": "Can add eenheid", "content_type": 8}}, {"pk": 23, "model": "auth.permission", "fields": {"codename": "change_eenheid", "name": "Can change eenheid", "content_type": 8}}, {"pk": 24, "model": "auth.permission", "fields": {"codename": "delete_eenheid", "name": "Can delete eenheid", "content_type": 8}}, {"pk": 25, "model": "auth.permission", "fields": {"codename": "add_leverancier", "name": "Can add leverancier", "content_type": 9}}, {"pk": 26, "model": "auth.permission", "fields": {"codename": "change_leverancier", "name": "Can change leverancier", "content_type": 9}}, {"pk": 27, "model": "auth.permission", "fields": {"codename": "delete_leverancier", "name": "Can delete leverancier", "content_type": 9}}, {"pk": 28, "model": "auth.permission", "fields": {"codename": "add_simpelproduct", "name": "Can add simpel product", "content_type": 10}}, {"pk": 29, "model": "auth.permission", "fields": {"codename": "change_simpelproduct", "name": "Can change simpel product", "content_type": 10}}, {"pk": 30, "model": "auth.permission", "fields": {"codename": "delete_simpelproduct", "name": "Can delete simpel product", "content_type": 10}}, {"pk": 31, "model": "auth.permission", "fields": {"codename": "add_samengesteldproductlijn", "name": "Can add samengesteld product lijn", "content_type": 11}}, {"pk": 32, "model": "auth.permission", "fields": {"codename": "change_samengesteldproductlijn", "name": "Can change samengesteld product lijn", "content_type": 11}}, {"pk": 33, "model": "auth.permission", "fields": {"codename": "delete_samengesteldproductlijn", "name": "Can delete samengesteld product lijn", "content_type": 11}}, {"pk": 34, "model": "auth.permission", "fields": {"codename": "add_samengesteldproduct", "name": "Can add samengesteld product", "content_type": 12}}, {"pk": 35, "model": "auth.permission", "fields": {"codename": "change_samengesteldproduct", "name": "Can change samengesteld product", "content_type": 12}}, {"pk": 36, "model": "auth.permission", "fields": {"codename": "delete_samengesteldproduct", "name": "Can delete samengesteld product", "content_type": 12}}, {"pk": 1, "model": "auth.user", "fields": {"username": "ward", "first_name": "", "last_name": "", "is_active": true, "is_superuser": true, "is_staff": true, "last_login": "2013-12-30T20:54:18.767Z", "groups": [], "user_permissions": [], "password": "pbkdf2_sha256$12000$YIm1GRaDB4CK$TPzeaw1d7Eu2igKIIrzoWU7DFbkzO5vVwyNn7gyuQvI=", "email": "", "date_joined": "2013-12-30T20:37:02.744Z"}}]